dataset,path,sha256,downloaded_at,url,licence_as_recorded,independent_licence_verification,rows,rice_rows,first_year,last_year,raw_districts,units,training_use,district,first_date,last_date,time_standard,missing_provider_values,observed_monthly_values,first_assumed_available,last_assumed_available,track_rows,storms,wb_rows,year,wb_districts,parent_archive_sha256,licence_note,wb_markets
APY WB imported raw snapshot,data/raw/apy_wb.csv,8c22d64242bae00115a5be94f0d0a450c146c7fc0f64d48392d2ff01b7aff704,2026-10-03T07:56:21.373598+00:00,https://indiadataportal.com/,Original ministry data: GODL-India; IDP snapshot redistribution terms require verification,False,16089.0,1959.0,1997-1998,2022-2023,"['Alipurduar', 'Bankura', 'Birbhum', 'Cooch Behar', 'Dakshin Dinajpur', 'Darjeeling', 'Hooghly', 'Howrah', 'Jalpaiguri', 'Jhargram', 'Kalimpong', 'Malda', 'Murshidabad', 'Nadia', 'North 24 Parganas', 'Paschim Bardhaman', 'Paschim Medinipur', 'Purba Bardhaman', 'Purba Medinipur', 'Purulia', 'South 24 Parganas', 'Uttar Dinajpur']","{'area': ['Hectare'], 'production': ['Tonnes'], 'reported_yield': ['Tonnes/Hectare']}",Area and production recompute t/ha labels after audited aggregation; Total excluded,,,,,,,,,,,,,,,,
Explicit ERA5,data/raw/weather/Bankura.json,b098d5fbdf991db508703bf5b903b73dc3a1ef673afc44d0994f04b210e9eb69,2026-10-03T07:57:55.218432+00:00,https://archive-api.open-meteo.com/v1/archive?latitude=23.1392&longitude=87.1363&start_date=1997-01-01&end_date=2025-12-31&daily=precipitation_sum%2Ctemperature_2m_max%2Ctemperature_2m_min%2Cet0_fao_evapotranspiration&timezone=Asia%2FKolkata&models=era5,CC BY 4.0,False,10592.0,,,,,"{'time': 'iso8601', 'precipitation_sum': 'mm', 'temperature_2m_max': '°C', 'temperature_2m_min': '°C', 'et0_fao_evapotranspiration': 'mm'}","District-series rainfall, temperature, ET0; observed columns only",Bankura,1997-01-01,2025-12-31,Asia/Kolkata,0.0,,,,,,,,,,,
Explicit ERA5,data/raw/weather/Bardhaman.json,ed18fe415d04d0efd30012da5c1a8b5b951e6960764176ec24339c5054b7b496,2026-10-03T07:57:57.898318+00:00,https://archive-api.open-meteo.com/v1/archive?latitude=23.4285&longitude=87.7663&start_date=1997-01-01&end_date=2025-12-31&daily=precipitation_sum%2Ctemperature_2m_max%2Ctemperature_2m_min%2Cet0_fao_evapotranspiration&timezone=Asia%2FKolkata&models=era5,CC BY 4.0,False,10592.0,,,,,"{'time': 'iso8601', 'precipitation_sum': 'mm', 'temperature_2m_max': '°C', 'temperature_2m_min': '°C', 'et0_fao_evapotranspiration': 'mm'}","District-series rainfall, temperature, ET0; observed columns only",Bardhaman,1997-01-01,2025-12-31,Asia/Kolkata,0.0,,,,,,,,,,,
Explicit ERA5,data/raw/weather/Cooch_Behar.json,dde2eff4c75a8ad4ec673ec98daf6e03676007b3c516d5dcf15cb182f33a4bde,2026-10-03T07:58:02.986269+00:00,https://archive-api.open-meteo.com/v1/archive?latitude=26.2926&longitude=89.3478&start_date=1997-01-01&end_date=2025-12-31&daily=precipitation_sum%2Ctemperature_2m_max%2Ctemperature_2m_min%2Cet0_fao_evapotranspiration&timezone=Asia%2FKolkata&models=era5,CC BY 4.0,False,10592.0,,,,,"{'time': 'iso8601', 'precipitation_sum': 'mm', 'temperature_2m_max': '°C', 'temperature_2m_min': '°C', 'et0_fao_evapotranspiration': 'mm'}","District-series rainfall, temperature, ET0; observed columns only",Cooch Behar,1997-01-01,2025-12-31,Asia/Kolkata,0.0,,,,,,,,,,,
Explicit ERA5,data/raw/weather/Dakshin_Dinajpur.json,c6dc5c92d55f8efbc0d8e559b7b4149f8b68ac0626192288c45f9f8d7a089ead,2026-10-03T07:58:05.061436+00:00,https://archive-api.open-meteo.com/v1/archive?latitude=25.3672&longitude=88.5755&start_date=1997-01-01&end_date=2025-12-31&daily=precipitation_sum%2Ctemperature_2m_max%2Ctemperature_2m_min%2Cet0_fao_evapotranspiration&timezone=Asia%2FKolkata&models=era5,CC BY 4.0,False,10592.0,,,,,"{'time': 'iso8601', 'precipitation_sum': 'mm', 'temperature_2m_max': '°C', 'temperature_2m_min': '°C', 'et0_fao_evapotranspiration': 'mm'}","District-series rainfall, temperature, ET0; observed columns only",Dakshin Dinajpur,1997-01-01,2025-12-31,Asia/Kolkata,0.0,,,,,,,,,,,
NASA POWER,data/raw/power/Bankura.json,0cb804c5f39c5aebfd3ba1430ce88c0a67f5555cc22eb670e644399c785f3d56,2026-10-03T08:06:57.663423+00:00,https://power.larc.nasa.gov/api/temporal/daily/point?parameters=PRECTOTCORR%2CT2M_MAX%2CT2M_MIN&community=AG&longitude=87.13627330581487&latitude=23.139199216487327&start=19970101&end=20251231&format=JSON,NASA open data; MERRA-2 meteorology attribution,False,10592.0,,,,,"{'PRECTOTCORR': {'units': 'mm/day', 'longname': 'Precipitation Corrected'}, 'T2M_MAX': {'units': 'C', 'longname': 'Temperature at 2 Meters Maximum'}, 'T2M_MIN': {'units': 'C', 'longname': 'Temperature at 2 Meters Minimum'}}","Temperature only, where a complete explicit ERA5 district series is absent",Bankura,1997-01-01,2025-12-31,LST,0.0,,,,,,,,,,,
NASA POWER,data/raw/power/Bardhaman.json,ec45d60b19542786f4b501c1ca2a0993b0295298c69a08c736f33ac246ca3749,2026-10-03T08:06:57.672765+00:00,https://power.larc.nasa.gov/api/temporal/daily/point?parameters=PRECTOTCORR%2CT2M_MAX%2CT2M_MIN&community=AG&longitude=87.76630644478023&latitude=23.42853511978721&start=19970101&end=20251231&format=JSON,NASA open data; MERRA-2 meteorology attribution,False,10592.0,,,,,"{'PRECTOTCORR': {'units': 'mm/day', 'longname': 'Precipitation Corrected'}, 'T2M_MAX': {'units': 'C', 'longname': 'Temperature at 2 Meters Maximum'}, 'T2M_MIN': {'units': 'C', 'longname': 'Temperature at 2 Meters Minimum'}}","Temperature only, where a complete explicit ERA5 district series is absent",Bardhaman,1997-01-01,2025-12-31,LST,0.0,,,,,,,,,,,
NASA POWER,data/raw/power/Birbhum.json,78139ac4dd2914197dd15b2389a7be2559348dcd197c7d294f2be085737b6796,2026-10-03T08:06:59.995058+00:00,https://power.larc.nasa.gov/api/temporal/daily/point?parameters=PRECTOTCORR%2CT2M_MAX%2CT2M_MIN&community=AG&longitude=87.6633025669185&latitude=23.954374946162023&start=19970101&end=20251231&format=JSON,NASA open data; MERRA-2 meteorology attribution,False,10592.0,,,,,"{'PRECTOTCORR': {'units': 'mm/day', 'longname': 'Precipitation Corrected'}, 'T2M_MAX': {'units': 'C', 'longname': 'Temperature at 2 Meters Maximum'}, 'T2M_MIN': {'units': 'C', 'longname': 'Temperature at 2 Meters Minimum'}}","Temperature only, where a complete explicit ERA5 district series is absent",Birbhum,1997-01-01,2025-12-31,LST,0.0,,,,,,,,,,,
NASA POWER,data/raw/power/Cooch_Behar.json,64bf0df231b585c9f43d12ca7fdb0f7a2b0727970718385a153afb4ce140af41,2026-10-03T08:06:59.973890+00:00,https://power.larc.nasa.gov/api/temporal/daily/point?parameters=PRECTOTCORR%2CT2M_MAX%2CT2M_MIN&community=AG&longitude=89.34781614341841&latitude=26.292614323373925&start=19970101&end=20251231&format=JSON,NASA open data; MERRA-2 meteorology attribution,False,10592.0,,,,,"{'PRECTOTCORR': {'units': 'mm/day', 'longname': 'Precipitation Corrected'}, 'T2M_MAX': {'units': 'C', 'longname': 'Temperature at 2 Meters Maximum'}, 'T2M_MIN': {'units': 'C', 'longname': 'Temperature at 2 Meters Minimum'}}","Temperature only, where a complete explicit ERA5 district series is absent",Cooch Behar,1997-01-01,2025-12-31,LST,0.0,,,,,,,,,,,
NASA POWER,data/raw/power/Dakshin_Dinajpur.json,7254c3d88e1e7bfd9f63182f36eed9d5a7ede1bbccb827f437970fd7e289d7e7,2026-10-03T08:07:00.783879+00:00,https://power.larc.nasa.gov/api/temporal/daily/point?parameters=PRECTOTCORR%2CT2M_MAX%2CT2M_MIN&community=AG&longitude=88.57549538946012&latitude=25.367223422262104&start=19970101&end=20251231&format=JSON,NASA open data; MERRA-2 meteorology attribution,False,10592.0,,,,,"{'PRECTOTCORR': {'units': 'mm/day', 'longname': 'Precipitation Corrected'}, 'T2M_MAX': {'units': 'C', 'longname': 'Temperature at 2 Meters Maximum'}, 'T2M_MIN': {'units': 'C', 'longname': 'Temperature at 2 Meters Minimum'}}","Temperature only, where a complete explicit ERA5 district series is absent",Dakshin Dinajpur,1997-01-01,2025-12-31,LST,0.0,,,,,,,,,,,
NASA POWER,data/raw/power/Darjeeling.json,2b3f7153e0b8651cec2e8fcc4f7567085e776f7fa7e4f63a66908831e23336dd,2026-10-03T08:07:02.360435+00:00,https://power.larc.nasa.gov/api/temporal/daily/point?parameters=PRECTOTCORR%2CT2M_MAX%2CT2M_MIN&community=AG&longitude=88.39044353556395&latitude=26.91461355635869&start=19970101&end=20251231&format=JSON,NASA open data; MERRA-2 meteorology attribution,False,10592.0,,,,,"{'PRECTOTCORR': {'units': 'mm/day', 'longname': 'Precipitation Corrected'}, 'T2M_MAX': {'units': 'C', 'longname': 'Temperature at 2 Meters Maximum'}, 'T2M_MIN': {'units': 'C', 'longname': 'Temperature at 2 Meters Minimum'}}","Temperature only, where a complete explicit ERA5 district series is absent",Darjeeling,1997-01-01,2025-12-31,LST,0.0,,,,,,,,,,,
NASA POWER,data/raw/power/Hooghly.json,0d341315175524ef83ab34bf9593261d7ab9ff96940c66a6c7ff12af1d60bab7,2026-10-03T08:07:03.011784+00:00,https://power.larc.nasa.gov/api/temporal/daily/point?parameters=PRECTOTCORR%2CT2M_MAX%2CT2M_MIN&community=AG&longitude=88.07619274657169&latitude=22.884919970827617&start=19970101&end=20251231&format=JSON,NASA open data; MERRA-2 meteorology attribution,False,10592.0,,,,,"{'PRECTOTCORR': {'units': 'mm/day', 'longname': 'Precipitation Corrected'}, 'T2M_MAX': {'units': 'C', 'longname': 'Temperature at 2 Meters Maximum'}, 'T2M_MIN': {'units': 'C', 'longname': 'Temperature at 2 Meters Minimum'}}","Temperature only, where a complete explicit ERA5 district series is absent",Hooghly,1997-01-01,2025-12-31,LST,0.0,,,,,,,,,,,
NASA POWER,data/raw/power/Howrah.json,511e7cb334220be3b718a3e0f6dcb34cfd1f6fa01ca6cfd5d9024eeee7732966,2026-10-03T08:07:04.577615+00:00,https://power.larc.nasa.gov/api/temporal/daily/point?parameters=PRECTOTCORR%2CT2M_MAX%2CT2M_MIN&community=AG&longitude=88.063396636747&latitude=22.521489523659817&start=19970101&end=20251231&format=JSON,NASA open data; MERRA-2 meteorology attribution,False,10592.0,,,,,"{'PRECTOTCORR': {'units': 'mm/day', 'longname': 'Precipitation Corrected'}, 'T2M_MAX': {'units': 'C', 'longname': 'Temperature at 2 Meters Maximum'}, 'T2M_MIN': {'units': 'C', 'longname': 'Temperature at 2 Meters Minimum'}}","Temperature only, where a complete explicit ERA5 district series is absent",Howrah,1997-01-01,2025-12-31,LST,0.0,,,,,,,,,,,
NASA POWER,data/raw/power/Jalpaiguri.json,107484ad6d4f786c4582cca5e2e9c308e058292edf4e954342347f77d738f765,2026-10-03T08:07:05.251242+00:00,https://power.larc.nasa.gov/api/temporal/daily/point?parameters=PRECTOTCORR%2CT2M_MAX%2CT2M_MIN&community=AG&longitude=89.07787352693339&latitude=26.660195593859427&start=19970101&end=20251231&format=JSON,NASA open data; MERRA-2 meteorology attribution,False,10592.0,,,,,"{'PRECTOTCORR': {'units': 'mm/day', 'longname': 'Precipitation Corrected'}, 'T2M_MAX': {'units': 'C', 'longname': 'Temperature at 2 Meters Maximum'}, 'T2M_MIN': {'units': 'C', 'longname': 'Temperature at 2 Meters Minimum'}}","Temperature only, where a complete explicit ERA5 district series is absent",Jalpaiguri,1997-01-01,2025-12-31,LST,0.0,,,,,,,,,,,
NASA POWER,data/raw/power/Malda.json,61fd708510f1938883c6457421be9d0abfcfff7b1a26d6ce28e74678cc5e21bf,2026-10-03T08:07:06.806451+00:00,https://power.larc.nasa.gov/api/temporal/daily/point?parameters=PRECTOTCORR%2CT2M_MAX%2CT2M_MIN&community=AG&longitude=88.0888833238987&latitude=25.13748802229477&start=19970101&end=20251231&format=JSON,NASA open data; MERRA-2 meteorology attribution,False,10592.0,,,,,"{'PRECTOTCORR': {'units': 'mm/day', 'longname': 'Precipitation Corrected'}, 'T2M_MAX': {'units': 'C', 'longname': 'Temperature at 2 Meters Maximum'}, 'T2M_MIN': {'units': 'C', 'longname': 'Temperature at 2 Meters Minimum'}}","Temperature only, where a complete explicit ERA5 district series is absent",Malda,1997-01-01,2025-12-31,LST,0.0,,,,,,,,,,,
NASA POWER,data/raw/power/Murshidabad.json,2592947414724c3de195c2b3ea8033048dce538d478fbf48f7fd88724b3d4354,2026-10-03T08:07:07.474319+00:00,https://power.larc.nasa.gov/api/temporal/daily/point?parameters=PRECTOTCORR%2CT2M_MAX%2CT2M_MIN&community=AG&longitude=88.23064912357843&latitude=24.162777370029914&start=19970101&end=20251231&format=JSON,NASA open data; MERRA-2 meteorology attribution,False,10592.0,,,,,"{'PRECTOTCORR': {'units': 'mm/day', 'longname': 'Precipitation Corrected'}, 'T2M_MAX': {'units': 'C', 'longname': 'Temperature at 2 Meters Maximum'}, 'T2M_MIN': {'units': 'C', 'longname': 'Temperature at 2 Meters Minimum'}}","Temperature only, where a complete explicit ERA5 district series is absent",Murshidabad,1997-01-01,2025-12-31,LST,0.0,,,,,,,,,,,
NASA POWER,data/raw/power/Nadia.json,a3418bcf240fbd97ae93dd0261df199ce52c7ec1bc02331bce11bc8637d6ef1a,2026-10-03T08:07:09.046494+00:00,https://power.larc.nasa.gov/api/temporal/daily/point?parameters=PRECTOTCORR%2CT2M_MAX%2CT2M_MIN&community=AG&longitude=88.5166952647382&latitude=23.479814018509497&start=19970101&end=20251231&format=JSON,NASA open data; MERRA-2 meteorology attribution,False,10592.0,,,,,"{'PRECTOTCORR': {'units': 'mm/day', 'longname': 'Precipitation Corrected'}, 'T2M_MAX': {'units': 'C', 'longname': 'Temperature at 2 Meters Maximum'}, 'T2M_MIN': {'units': 'C', 'longname': 'Temperature at 2 Meters Minimum'}}","Temperature only, where a complete explicit ERA5 district series is absent",Nadia,1997-01-01,2025-12-31,LST,0.0,,,,,,,,,,,
NASA POWER,data/raw/power/North_24_Parganas.json,60a00a41dd076391d810b034cc1735245f31d3f5f33faaa5ebe5da0da8d498be,2026-10-03T08:07:09.712109+00:00,https://power.larc.nasa.gov/api/temporal/daily/point?parameters=PRECTOTCORR%2CT2M_MAX%2CT2M_MIN&community=AG&longitude=88.73013288354228&latitude=22.727142120267875&start=19970101&end=20251231&format=JSON,NASA open data; MERRA-2 meteorology attribution,False,10592.0,,,,,"{'PRECTOTCORR': {'units': 'mm/day', 'longname': 'Precipitation Corrected'}, 'T2M_MAX': {'units': 'C', 'longname': 'Temperature at 2 Meters Maximum'}, 'T2M_MIN': {'units': 'C', 'longname': 'Temperature at 2 Meters Minimum'}}","Temperature only, where a complete explicit ERA5 district series is absent",North 24 Parganas,1997-01-01,2025-12-31,LST,0.0,,,,,,,,,,,
NASA POWER,data/raw/power/Paschim_Medinipur.json,7900df11ac4edad0342c8198255b8c77df19f22a401824beff5a72751b207f9e,2026-10-03T08:07:11.394523+00:00,https://power.larc.nasa.gov/api/temporal/daily/point?parameters=PRECTOTCORR%2CT2M_MAX%2CT2M_MIN&community=AG&longitude=87.2646111978331&latitude=22.41408848488627&start=19970101&end=20251231&format=JSON,NASA open data; MERRA-2 meteorology attribution,False,10592.0,,,,,"{'PRECTOTCORR': {'units': 'mm/day', 'longname': 'Precipitation Corrected'}, 'T2M_MAX': {'units': 'C', 'longname': 'Temperature at 2 Meters Maximum'}, 'T2M_MIN': {'units': 'C', 'longname': 'Temperature at 2 Meters Minimum'}}","Temperature only, where a complete explicit ERA5 district series is absent",Paschim Medinipur,1997-01-01,2025-12-31,LST,0.0,,,,,,,,,,,
NASA POWER,data/raw/power/Purba_Medinipur.json,37128635fbdb4ed3b7ba501337c4694b67bb362a79fe7e36787753158c40bb07,2026-10-03T08:07:12.415918+00:00,https://power.larc.nasa.gov/api/temporal/daily/point?parameters=PRECTOTCORR%2CT2M_MAX%2CT2M_MIN&community=AG&longitude=87.7728874271141&latitude=22.03155974597491&start=19970101&end=20251231&format=JSON,NASA open data; MERRA-2 meteorology attribution,False,10592.0,,,,,"{'PRECTOTCORR': {'units': 'mm/day', 'longname': 'Precipitation Corrected'}, 'T2M_MAX': {'units': 'C', 'longname': 'Temperature at 2 Meters Maximum'}, 'T2M_MIN': {'units': 'C', 'longname': 'Temperature at 2 Meters Minimum'}}","Temperature only, where a complete explicit ERA5 district series is absent",Purba Medinipur,1997-01-01,2025-12-31,LST,0.0,,,,,,,,,,,
NASA POWER,data/raw/power/Purulia.json,e7c2258c8c8ea0bae3c97c1db3ea1320e14b1428d9b509908e8bf43c7509b7e8,2026-10-03T08:07:13.927687+00:00,https://power.larc.nasa.gov/api/temporal/daily/point?parameters=PRECTOTCORR%2CT2M_MAX%2CT2M_MIN&community=AG&longitude=86.42154583618007&latitude=23.276707060223515&start=19970101&end=20251231&format=JSON,NASA open data; MERRA-2 meteorology attribution,False,10592.0,,,,,"{'PRECTOTCORR': {'units': 'mm/day', 'longname': 'Precipitation Corrected'}, 'T2M_MAX': {'units': 'C', 'longname': 'Temperature at 2 Meters Maximum'}, 'T2M_MIN': {'units': 'C', 'longname': 'Temperature at 2 Meters Minimum'}}","Temperature only, where a complete explicit ERA5 district series is absent",Purulia,1997-01-01,2025-12-31,LST,0.0,,,,,,,,,,,
NASA POWER,data/raw/power/South_24_Parganas.json,10f0656adff0f57c63bfe8e280dccf2ce521be324e32a7681039ab271472b2f4,2026-10-03T08:07:13.240299+00:00,https://power.larc.nasa.gov/api/temporal/daily/point?parameters=PRECTOTCORR%2CT2M_MAX%2CT2M_MIN&community=AG&longitude=88.55190737873234&latitude=22.056788955506644&start=19970101&end=20251231&format=JSON,NASA open data; MERRA-2 meteorology attribution,False,10592.0,,,,,"{'PRECTOTCORR': {'units': 'mm/day', 'longname': 'Precipitation Corrected'}, 'T2M_MAX': {'units': 'C', 'longname': 'Temperature at 2 Meters Maximum'}, 'T2M_MIN': {'units': 'C', 'longname': 'Temperature at 2 Meters Minimum'}}","Temperature only, where a complete explicit ERA5 district series is absent",South 24 Parganas,1997-01-01,2025-12-31,LST,0.0,,,,,,,,,,,
NASA POWER,data/raw/power/Uttar_Dinajpur.json,9de96126297e9ee67f98999be89de3e154f2f8e035124ddb7872fcbe64a4a56e,2026-10-03T08:07:15.484210+00:00,https://power.larc.nasa.gov/api/temporal/daily/point?parameters=PRECTOTCORR%2CT2M_MAX%2CT2M_MIN&community=AG&longitude=88.15726096266737&latitude=25.890156770364925&start=19970101&end=20251231&format=JSON,NASA open data; MERRA-2 meteorology attribution,False,10592.0,,,,,"{'PRECTOTCORR': {'units': 'mm/day', 'longname': 'Precipitation Corrected'}, 'T2M_MAX': {'units': 'C', 'longname': 'Temperature at 2 Meters Maximum'}, 'T2M_MIN': {'units': 'C', 'longname': 'Temperature at 2 Meters Minimum'}}","Temperature only, where a complete explicit ERA5 district series is absent",Uttar Dinajpur,1997-01-01,2025-12-31,LST,0.0,,,,,,,,,,,
oni_lag,data/raw/oni.txt,93f8c86c7a660f46318abe33b38c0479d184812d95a479a1fe869c0c2363a9e4,2026-10-03T07:56:24.492424+00:00,https://www.cpc.ncep.noaa.gov/data/indices/oni.ascii.txt,US NOAA public domain,False,,,,,,degrees C sea-surface-temperature anomaly,Latest finite observation whose assumed release date precedes cutoff,,,,,,919.0,1950-04-14,2026-10-15,,,,,,,,
dmi_lag,data/raw/dmi.txt,42c1000e221addacac4451b8b9ddfbc5ee732b99ee69b0be5105e69ebe881e05,2026-10-03T07:56:24.603633+00:00,https://psl.noaa.gov/gcos_wgsp/Timeseries/Data/dmi.had.long.data,NOAA distribution; underlying HadISST attribution,False,,,,,,degrees C sea-surface-temperature anomaly,Latest finite observation whose assumed release date precedes cutoff,,,,,,1877.0,1870-03-17,2026-07-15,,,,,,,,
IBTrACS NI valid coordinates,data/raw/ibtracs.csv,9f9734cf416f393649bd2a3ddeee82545470fe4d8c58b4a4a9aa1824818e9c6a,2026-10-03T07:56:46.785843+00:00,https://www.ncei.noaa.gov/data/international-best-track-archive-for-climate-stewardship-ibtracs/v04r01/access/csv/ibtracs.NI.list.v04r01.csv,NOAA public domain; cite IBTrACS v4r01,False,,,,,,WGS84 degrees; derived distance km,Observed pre-cutoff tracks within 150 km; no future tracks,,1842-10-25 08:53:00,2026-09-24 05:30:00,,,,,,62864.0,1859.0,,,,,,
Census 2011 district mirror,data/raw/census_india-districts-census-2011.csv,88c924d78dc7d8b2b3b855262786098cf29ba9e172571fb82dd9bc68ca990318,,,,False,640.0,,,,,Persons/workers/households counts,Excluded: conservative post-2014 availability gives <60% coverage,,,,,,,,,,,19.0,2011.0,"['Bankura', 'Barddhaman', 'Birbhum', 'Cooch Behar', 'Dakshin Dinajpur', 'Darjeeling', 'Hooghly', 'Howrah', 'Jalpaiguri', 'Kolkata', 'Malda', 'Murshidabad', 'Nadia', 'North 24 Parganas', 'Paschim Medinipur', 'Purba Medinipur', 'Purulia', 'South 24 Parganas', 'Uttar Dinajpur']",7f187e6e67cc713cf991a81a1bf290d0a38fd1e24a569a4d6fe17d1809f1dc6c,Transport archive manifest contains provisional terms; extracted CSV has no separate licence,
WFP prices cross-check only,data/raw/wfp.csv,df253166918129fcc773baed33487234bb0a178b4b4758901db4f58368f76a9e,2026-10-03T07:57:53.166452+00:00,https://s3.us-east-1.amazonaws.com/hdx-production-filestore/resources/3b1ff071-6b01-4998-aa62-2f3efb5d4888/wfp_food_prices_ind.csv?AWSAccessKeyId=ASIAXYC32WNAS26JWCTO&Signature=wWxA5BimKwZbkU73zY1fnJVErMM%3D&x-amz-security-token=FwoGZXIvYXdzEPH%2F%2F%2F%2F%2F%2F%2F%2F%2F%2FwEaDKCVnvbVAr%2BPbrtDhSLBAZ1Gm5ZywVfuA2OsEVxdC89GytJx1U%2Fm2duT05hhfprHa8VzW730wjYw2gdUjSln5vGmivbwYw6jf2jklL6H9581DSD3K4WiQ508bIv87cDR0rb3fg246gHHAN3BGqIPIm8QoYgYEnmlZayHm3xZtALWcA4ZbWCn54BTjeGO12jFZ37M4KWspvEYBDbbRk8WB%2B7lryei93KhQ7TfUM8UmdVM%2FU%2BtBC70pQb7VhxSTGtPxDyxLZDeor3uZls6b%2FuCtSQoiNOC1gYyLYdd%2BmeAUnGKXvEsY42rgvNemJRmktKeHFvudvFmcrqlaA4zQBfOmoLuHZTdhQ%3D%3D&Expires=1791014390,Creative Commons Attribution for Intergovernmental Organisations (CC BY-IGO),False,215110.0,,,,,"['KG', 'L']",Not used. No matched AGMARKNET export to perform price comparison.,,1994-01-15,2026-05-15,,,,,,,,8820.0,,,,,"['Kharagpur', 'Kolkata', 'Malda', 'Purulia', 'Raiganj', 'Rampurhat', 'Siliguri']"
