group,value,rows,positives,brier,auc,ap,base_brier,brier_skill,persistence_brier,brier_gain_over_base,anomaly_mae,anomaly_rmse,anomaly_r2,anomaly_rows,anomaly_coverage,anomaly_width,anomaly_pct_mae,anomaly_pct_rmse,anomaly_pct_r2,anomaly_pct_rows,anomaly_pct_coverage,anomaly_pct_width,detrended_anomaly_mae,detrended_anomaly_rmse,detrended_anomaly_r2,detrended_anomaly_rows,detrended_anomaly_coverage,detrended_anomaly_width,detrended_pct_mae,detrended_pct_rmse,detrended_pct_r2,detrended_pct_rows,detrended_pct_coverage,detrended_pct_width
district,Bankura,15,1,0.06576114918440641,0.07142857142857145,0.06666666666666667,0.06221588459684512,-0.05698327059937136,0.13333333333333333,-0.0035452645875612906,0.33922010633694716,0.3689501817351426,-0.22779726305079517,15,0.7333333333333333,0.8480087486998465,12.012822918333963,12.972137297562211,-0.16796907576633058,15,0.6,30.312418504848118,0.3288669112901282,0.3575923577768048,-0.12451035533004706,15,0.7333333333333333,0.8515990282720515,11.300921970381316,12.269309581177676,-0.09427516797249025,15,0.6666666666666666,32.406896712825265
district,Bardhaman,15,1,0.0659890395708055,0.32142857142857145,0.08333333333333333,0.06207102735236618,-0.06312143338948561,0.2,-0.003918012218439321,0.37105766607341606,0.6261633675964222,-0.05645615123172454,15,0.8,0.8314574219484101,11.375128962522249,19.79210024432175,-0.02322855899744014,15,0.7333333333333333,29.146745921957322,0.37078402223279117,0.6067874023987405,0.09010157977592048,15,0.8,0.8821036517878347,11.220952675494487,18.648352626999017,0.11056029721312344,15,0.8666666666666667,33.58126088208353
district,Birbhum,15,0,0.0018500844859664091,,,0.003451697963806037,0.4640074231969006,0.0,0.0016016134778396277,0.3496797273512849,0.530777635594859,-0.09653031873999662,15,0.8,0.7892637956897989,10.80382169532005,16.97265269812309,-0.025640623924716444,15,0.8,27.431893285847075,0.3141835099453018,0.5202278960882091,-0.06229571727185723,15,0.8,0.7686426835387538,9.743034145963021,16.857487329504732,-0.024406077628343015,15,0.8,26.97305466106311
district,Cooch Behar,15,0,0.004440026872841164,,,0.003451697963806037,-0.28633122579049175,0.0,-0.0009883289090351268,0.2534702267937744,0.2830497417695971,-0.07351471447617985,15,0.7333333333333333,0.7456421157679106,9.9359966123981,11.970432364765902,-0.011298005005751177,15,0.8666666666666667,29.774396836224714,0.26413059892329616,0.30701792989875654,-0.17654455478944597,15,0.6,0.7227371292527387,10.639028263581194,13.849110062714386,-0.1991904432416567,15,0.5333333333333333,27.589867321157605
district,Dakshin Dinajpur,15,1,0.06440312589008289,0.2857142857142857,0.08333333333333333,0.06265915717126523,-0.027832623315549698,0.06666666666666667,-0.0017439687188176567,0.24114031474998457,0.33829743024166453,-0.1049082735480722,15,0.7333333333333333,0.7850358403065791,9.128329466946756,12.950842076313146,-0.025977097711033625,15,0.8,29.14374998528388,0.22430785374637216,0.30646042950061053,0.013089555570490186,15,0.8666666666666667,0.7708342878748803,8.300419534045211,11.740361174476439,0.011380446761357632,15,0.8666666666666667,29.260308463275013
district,Darjeeling,5,0,0.0005603317875827303,,,0.003451697963806036,0.8376648845124105,0.0,0.0028913661762233057,0.11496148265377575,0.14053555431430056,-0.06524038575905267,5,0.8,0.7619386587821224,5.099917035892593,5.971190887704426,-0.016375326693496506,5,0.8,31.998972287501537,0.1772233619094068,0.21046009745142616,-1.9482600296339463,5,0.8,0.6749901899522759,6.377656163146037,7.882487492412938,-1.8305040466125746,5,0.6,26.22390905705795
district,Hooghly,15,0,0.0005520029325108733,,,0.003451697963806037,0.8400778578256007,0.0,0.0028996950312951634,0.16384522528624917,0.22829162122469235,0.11106247913049916,15,0.8666666666666667,0.7833951642716838,5.995874554681234,8.210647468127824,0.03945246540010716,15,0.8666666666666667,29.95118285137674,0.15704544330328327,0.21878587545169698,0.09355357542436138,15,0.8666666666666667,0.7858433034924242,5.490223659798509,7.785939028400315,-0.0019198869658871853,15,0.8666666666666667,28.669708576187695
district,Howrah,15,1,0.06270918142009008,0.9642857142857143,0.5,0.06225043347487032,-0.00736939358671207,0.2,-0.00045874794521975903,0.4008272982847034,0.4655569758914411,0.03537098592366128,15,0.7333333333333333,0.8762412099947414,16.351109256537033,19.341116350232483,-0.000992588287549001,15,0.7333333333333333,37.362198010069534,0.3722388272699748,0.43009803327408036,0.0974081937561575,15,0.6,0.8735452435759609,15.258779608589093,17.909034804508522,0.04488169900054162,15,0.6666666666666666,34.00970031139798
district,Jalpaiguri,15,0,0.004347355083932348,,,0.003451697963806037,-0.2594830513903681,0.0,-0.000895657120126311,0.15020049173002994,0.1810214351838523,-0.21924798231535814,15,1.0,0.7282749366401117,6.262522524644045,7.784668915323259,-0.3642344133828894,15,1.0,29.983298360738385,0.1543037621615298,0.18310832714651779,0.4918586361968206,15,0.8666666666666667,0.6744509617506108,6.764483958449499,8.05996802722595,0.3997644764993238,15,0.8666666666666667,26.41841793645242
district,Malda,15,2,0.12469672922268613,0.4615384615384615,0.16233766233766234,0.1212784865598254,-0.02818507024470951,0.26666666666666666,-0.0034182426628607265,0.33071678943041893,0.4379279877768445,-0.18931571850137563,15,0.6666666666666666,0.7942364346913331,10.994123906794874,15.00654473718568,-0.15267159097007443,15,0.7333333333333333,30.802864543627305,0.3763121144007643,0.4570207173077341,-0.21909939407397494,15,0.4666666666666667,0.7731949482125198,11.65570571704776,14.609429697503417,-0.11830238906387702,15,0.8,30.26139009923395
district,Murshidabad,15,1,0.0641178944053791,0.2857142857142857,0.08333333333333333,0.06265915717126523,-0.02328051157992328,0.06666666666666667,-0.0014587372341138688,0.20168848969278788,0.3140621532005732,-0.7779281349484868,15,0.8,0.7618573246509788,7.10230257230297,10.846223156909799,-0.770280523557282,15,0.8,28.099255236197383,0.1850969302585148,0.2997775653914094,-0.41880167693306913,15,0.8666666666666667,0.7407315531109381,6.203572901980669,10.049648202593206,-0.39396430370812485,15,0.9333333333333333,26.59150423056606
district,Nadia,15,0,0.0005436740774390163,,,0.003451697963806037,0.842490831138791,0.0,0.0029080238863670206,0.14017550882161603,0.17399903923795987,-1.153244667126001,15,1.0,0.7362920917733555,4.9697733397300565,6.089038142900781,-1.5096309238256511,15,0.9333333333333333,26.631429954490727,0.12273315152888323,0.15426864052074526,-0.5636970683289007,15,1.0,0.700295359434606,3.939168066747873,4.770654819928068,-0.5631756651782183,15,1.0,24.427769973968633
district,North 24 Parganas,15,0,0.0005436740774390163,,,0.003451697963806037,0.842490831138791,0.0,0.0029080238863670206,0.15430465591243317,0.1940445148698427,0.05152251706397526,15,0.8666666666666667,0.7541776598327743,5.089453649172004,6.66306561224222,0.035624910715797986,15,0.9333333333333333,27.87697852704893,0.1548834052211411,0.2004979377741035,0.06137699449842915,15,0.8666666666666667,0.7568958477195085,4.8245221801752995,6.501162583793891,0.03790929066029647,15,0.9333333333333333,27.303502597126684
district,Paschim Medinipur,15,0,0.0005520029325108733,,,0.003451697963806037,0.8400778578256007,0.0,0.0028996950312951634,0.1561619955575123,0.1961120928780819,-0.20942207339389318,15,0.8,0.7268177889782805,5.717692880514549,6.879991228152816,-0.264002843132469,15,0.9333333333333333,26.67902898957409,0.13451980029564173,0.16291259274532197,-0.01704679798977038,15,0.9333333333333333,0.7184863626179638,4.557491039264492,5.3312636305874275,0.0013528778387410512,15,0.9333333333333333,24.430208205897262
district,Purba Medinipur,15,4,0.2179987623844208,0.9545454545454546,0.8928571428571428,0.23843268500753387,0.08570101293984667,0.3333333333333333,0.020433922623113054,0.3966667012868242,0.4766733178541973,0.023779260974841843,15,0.6,0.7923455796560686,18.303852952606107,24.384352877257303,0.004068291442091421,15,0.6,33.94026142633823,0.3740014635810233,0.4348099885116581,-0.05159613257144868,15,0.6,0.8651556520075426,17.696131938380997,22.886543675836947,-0.06478801728191774,15,0.6666666666666666,33.4575759194968
district,Purulia,15,0,0.0097497494332161,,,0.003451697963806037,-1.8246241517799189,0.0,-0.006298051469410064,0.26463316350814003,0.3114559825864477,0.01680285012058469,15,0.8,0.8436597553297928,10.343565755609056,13.164151519330874,0.032933280142115495,15,0.7333333333333333,33.52623808535658,0.24169939028709847,0.2792113314437205,-0.11705740201324444,15,0.8666666666666667,0.8514186581915223,10.381849157042263,11.945856715237023,-0.26199177644367744,15,0.7333333333333333,31.882546976893234
district,South 24 Parganas,15,0,0.0029553595600536756,,,0.003451697963806037,0.14379543313374687,0.0,0.0004963384037523612,0.23912043835537264,0.2878081082500427,-0.23851198406372598,15,0.6666666666666666,0.7773394526959165,7.917311264019246,9.73195883792378,-0.09216410287857846,15,0.7333333333333333,30.140781956420703,0.26276445075287286,0.31101960515992916,-0.20786728586659908,15,0.6666666666666666,0.7968938491479222,8.790277713447884,10.291948972275925,-0.060230446185961295,15,0.8,29.442811063271392
district,Uttar Dinajpur,15,1,0.06531420711762197,0.2857142857142857,0.08333333333333333,0.06265915717126523,-0.04237289593761573,0.13333333333333333,-0.0026550499463567356,0.2369418686705642,0.30628878763101813,0.018900634488434598,15,0.8666666666666667,0.7689803788929592,8.881876989250207,11.710307540573638,0.030343898630106114,15,0.9333333333333333,30.85094993635388,0.24342838225748933,0.29641924054313823,0.05308701222816403,15,0.8666666666666667,0.7279161982496121,8.269146222849773,10.480215655427902,0.08366227874158094,15,0.8666666666666667,27.3379713223447
crop_year,2018,52,2,0.037108321024543305,0.5900000000000001,0.052564102564102565,0.03741518234107075,0.008201518670419738,0.07692307692307693,0.00030686131652744864,0.2542433404917767,0.32014863195709786,-0.06588007598828916,52,0.6923076923076923,0.6647634150836426,9.740032493282934,13.077859230722922,-0.036520064558091425,52,0.8076923076923077,28.37708698515375,0.2641103893871866,0.32335343394759053,-0.12718588289735844,52,0.7115384615384616,0.7172526997522909,10.116135146751011,13.065270045423855,-0.15442308896858514,52,0.7307692307692307,27.17955715822497
crop_year,2019,52,3,0.055147250554773694,0.5544217687074829,0.09401709401709402,0.05437099541332586,-0.014277008091295285,0.1346153846153846,-0.0007762551414478361,0.2964423333712131,0.4289999295349959,-0.019652058862631883,52,0.7115384615384616,0.7079839140755151,10.297315236281626,14.6340564449306,-0.0052931813551047036,52,0.7307692307692307,28.681131631372953,0.2730879669968967,0.40623798582941,0.06800403440369251,52,0.7115384615384616,0.659226029660573,9.382272152612485,13.36814134457922,0.06103529090472448,52,0.7884615384615384,26.021782531785057
crop_year,2020,52,0,0.0035362646123895873,,,0.0034911366887519276,-0.012926427023913778,0.038461538461538464,-4.5127923637659686e-05,0.21784076997296503,0.2669709484444535,-0.10291022059573285,52,0.9615384615384616,0.9605998280535426,7.700441416190273,9.231118664212222,0.0014588183017968381,52,0.8846153846153846,31.771544748145622,0.2191223948952883,0.26897850928740746,0.0645443511778111,52,0.8846153846153846,0.9126580858884534,7.535246922604188,9.035179260448972,0.12366508087513739,52,0.9038461538461539,36.21965064059239
crop_year,2021,52,3,0.04816679148921433,0.9693877551020408,0.5,0.054365640277992164,0.11402144363757638,0.07692307692307693,0.006198848788777835,0.2653060571071061,0.40318297887471694,-0.030303468035059344,52,0.8269230769230769,0.8010443942114885,9.863241902269614,15.738760275646408,-0.014347582835928074,52,0.8461538461538461,32.58666170564187,0.24785667481020687,0.38680429855099707,0.04240719071399368,52,0.8076923076923077,0.74779414640693,9.146397808794806,15.077273887596506,0.011646311381797503,52,0.8461538461538461,26.635367901298476
crop_year,2022,52,4,0.07432333267886658,0.42968750000000006,0.07239819004524888,0.07144603648100151,-0.04027229976053581,0.07692307692307693,-0.002877296197865073,0.24352456503578068,0.34240758062843335,-0.07294621926247014,52,0.7692307692307693,0.7878215022530948,9.385180003902487,13.745692552943558,-0.009328451003553617,52,0.7692307692307693,29.252804691489875,0.2478536714371261,0.32795677347111113,0.12699540987541635,52,0.7884615384615384,0.8531867637402569,9.15502320220521,13.01178184518436,0.15463943842593342,52,0.7692307692307693,28.978006654328144
season,Autumn,85,7,0.07846226786160519,0.4340659340659341,0.11165255575914575,0.07633618414542373,-0.02785158493292217,0.1411764705882353,-0.002126083716181462,0.32222494298996696,0.4728049776941328,-0.015036732477818893,85,0.7176470588235294,0.7586304110746096,13.000854533262839,18.59907578039022,0.01997002522419067,85,0.7294117647058823,32.95816319432924,0.3090121143752368,0.45500935499848105,0.04944152694158643,85,0.7529411764705882,0.7940446411571759,12.473550417798247,17.921079430935578,0.042969397548741406,85,0.7411764705882353,31.22334265446528
season,Summer,85,1,0.013611044633275119,0.4642857142857143,0.01694915254237288,0.013796285502963716,0.013426865488453621,0.03529411764705882,0.0001852408696885969,0.2290787371727888,0.2858673487235285,-0.04595926062294642,85,0.8470588235294118,0.8692441963051588,6.975633826804374,8.832119724876007,0.005734480063763203,85,0.8823529411764706,29.487100389291225,0.2219573926807849,0.2757012683210136,0.021389122988967557,85,0.8,0.8144955877637867,6.822791974323451,8.373114459980812,0.037021729621510624,85,0.8588235294117647,27.94185239637122
season,Winter,90,4,0.03916033751826802,0.7674418604651162,0.6986111111111111,0.04261519580442734,0.08107104099707996,0.06666666666666667,0.0034548582861593166,0.21735282907850584,0.283003171450509,-0.025148365646762594,90,0.8111111111111111,0.7287304129326493,8.280905156605419,11.12179938635913,-0.010195131812020364,90,0.8111111111111111,28.077250477845247,0.22192454412918655,0.2807705419260721,-0.017000728897105688,90,0.7888888888888889,0.7284466918337821,7.9692756531552895,10.424717424805849,0.0015252037016252329,90,0.8222222222222222,27.919393275142294
