model,label_threshold_pct,rows,positives,brier,auc,ap,base_brier,brier_skill,persistence_brier,brier_gain_over_base,anomaly_mae,anomaly_rmse,anomaly_r2,anomaly_rows,anomaly_pct_mae,anomaly_pct_rmse,anomaly_pct_r2,anomaly_pct_rows,detrended_anomaly_mae,detrended_anomaly_rmse,detrended_anomaly_r2,detrended_anomaly_rows,detrended_pct_mae,detrended_pct_rmse,detrended_pct_r2,detrended_pct_rows,anomaly_coverage,anomaly_width,anomaly_pct_coverage,anomaly_pct_width,detrended_anomaly_coverage,detrended_anomaly_width,detrended_pct_coverage,detrended_pct_width
lightgbm_label20,20,260,8,0.029924276162672642,0.6622023809523809,0.08479216750984842,0.029995853808455448,0.002386251321261912,0.057692307692307696,7.157764578280545e-05,0.26455306859271066,0.3671144102694622,-0.08050173008254258,260.0,9.83251198468842,14.090262697216179,-0.08193511118901231,260.0,0.25591380160641136,0.35318076255527586,0.03362949346055488,260.0,9.067082328094694,12.855759604451611,0.06870447178023231,260.0,,,,,,,,
linear_isotonic,15,260,12,0.043645058605314035,0.6567540322580646,0.08312163561865558,0.04421779824042843,0.012952694568829415,0.08076923076923077,0.0005727396351143943,0.26487816093685773,0.360407255729799,-0.041381009397122526,260.0,9.918498614099827,13.824890874983097,-0.04156519361866806,260.0,0.25643107762070955,0.3483075138339925,0.06011379853191534,260.0,9.249059562232853,12.879362991829996,0.06528158442040288,260.0,,,,,,,,
mixed_isotonic,15,260,12,0.0436563920719575,0.5878696236559139,0.1971789211514667,0.04421779824042843,0.012696384506038938,0.08076923076923077,0.0005614061684709321,0.2577492393323052,0.3545950423187298,-0.008063571856464113,260.0,9.665939588407674,13.625744313774945,-0.01177397665870572,260.0,0.2513053879717497,0.3459399628297514,0.07284775147912326,260.0,9.073511125842455,12.861015159889897,0.06794287139528798,260.0,,,,,,,,
lightgbm_isotonic,15,260,12,0.044036151188509544,0.5818212365591398,0.06446172403734368,0.04421779824042843,0.004108007615648446,0.08076923076923077,0.00018164705191888592,0.26455306859271066,0.3671144102694622,-0.08050173008254258,260.0,9.83251198468842,14.090262697216179,-0.08193511118901231,260.0,0.25591380160641136,0.35318076255527586,0.03362949346055488,260.0,9.067082328094694,12.855759604451611,0.06870447178023231,260.0,,,,,,,,
stack,15,260,12,0.04406115948012987,0.5063844086021505,0.06570883145939219,0.04421779824042843,0.0035424369039557257,0.08076923076923077,0.00015663876029856083,0.2559429327363172,0.3564309825973783,-0.018529232524124417,260.0,9.782532270620932,13.701968325885328,-0.023125603894496027,260.0,0.2610803460174512,0.3547130346609288,0.02522612145658376,260.0,9.799403189538678,13.62437354512457,-0.04598418168079643,260.0,,,,,,,,
lightgbm_season_isotonic,15,260,12,0.044182884091893374,0.5364583333333334,0.05301635935195135,0.04421779824042843,0.0007895949125557022,0.08076923076923077,3.4914148535056255e-05,0.25913216520361665,0.3600231904636023,-0.03916271239018965,260.0,9.879412358872752,14.212076163670304,-0.10072311601811168,260.0,0.2620270882150311,0.3557708773284705,0.01940341474333085,260.0,9.396950059930015,13.335569152981888,-0.002109417968328975,260.0,,,,,,,,
mixed,15,260,12,0.044200041934266326,0.685483870967742,0.11211929735493098,0.04421779824042843,0.0004015646836497133,0.08076923076923077,1.775630616210333e-05,0.2577492393323052,0.3545950423187298,-0.008063571856464113,260.0,9.665939588407674,13.625744313774945,-0.01177397665870572,260.0,0.2513053879717497,0.3459399628297514,0.07284775147912326,260.0,9.073511125842455,12.861015159889897,0.06794287139528798,260.0,,,,,,,,
base_rate,15,260,12,0.04421779824042843,0.44758064516129037,0.047435897435897434,0.04421779824042843,0.0,0.08076923076923077,0.0,0.2546073867775192,0.35355028550707074,-0.0021321309516986187,260.0,9.579280552069362,13.622386171486564,-0.011275323196531017,260.0,0.26409299017118876,0.35973711781939294,-0.0025824282339188542,260.0,9.571081874346996,13.339315007478332,-0.0026724660431665104,260.0,,,,,,,,
stack_isotonic,15,260,12,0.0443799263154897,0.43010752688172044,0.04583333333333334,0.04421779824042843,-0.003666579556488081,0.08076923076923077,-0.0001621280750612672,0.2559429327363172,0.3564309825973783,-0.018529232524124417,260.0,9.782532270620932,13.701968325885328,-0.023125603894496027,260.0,0.2610803460174512,0.3547130346609288,0.02522612145658376,260.0,9.799403189538678,13.62437354512457,-0.04598418168079643,260.0,,,,,,,,
xgboost_isotonic,15,260,12,0.044420750820343934,0.4788306451612903,0.04472046315266655,0.04421779824042843,-0.004589839114375938,0.08076923076923077,-0.0002029525799155038,0.2593164556042062,0.36300752660953584,-0.05646195500845419,260.0,9.512159945468998,13.806999025137811,-0.03887099959068885,260.0,0.2559004014712285,0.3518939861125016,0.040658401314443426,260.0,9.121812859131726,12.978499298109346,0.050836589821444234,260.0,,,,,,,,
lightgbm_without_climate,15,260,12,0.04465941395167697,0.5675403225806452,0.07901494720010718,0.04421779824042843,-0.009987284053523338,0.08076923076923077,-0.0004416157112485386,0.2547711981282707,0.357454490533104,-0.024387138022919475,260.0,9.977779932812595,14.071824615228055,-0.07910539019408791,260.0,0.25748219300969216,0.3509211711390231,0.045955291298762524,260.0,9.134875972823504,12.836349084871534,0.07151461816414872,260.0,,,,,,,,
lightgbm_without_memory_spatial,15,260,12,0.04466861534242068,0.591733870967742,0.06718985618084979,0.04421779824042843,-0.010195376521033195,0.08076923076923077,-0.00045081710199224717,0.2660811976731584,0.36924491487755384,-0.09307924587455063,260.0,10.212717674803784,14.496916225782993,-0.14528689960953933,260.0,0.25840397272595206,0.363654527945648,-0.02453685578398912,260.0,9.566189353310799,13.549387590875826,-0.034502071548229596,260.0,,,,,,,,
lightgbm,15,260,12,0.04467515249701113,0.6276881720430108,0.07563852934186698,0.04421779824042843,-0.010343216414709255,0.08076923076923077,-0.0004573542565826996,0.26455306859271066,0.3671144102694622,-0.08050173008254258,260.0,9.83251198468842,14.090262697216179,-0.08193511118901231,260.0,0.25591380160641136,0.35318076255527586,0.03362949346055488,260.0,9.067082328094694,12.855759604451611,0.06870447178023231,260.0,,,,,,,,
catboost,15,260,12,0.04469181314805927,0.44354838709677413,0.06125821254313753,0.04421779824042843,-0.010720002498845638,0.08076923076923077,-0.0004740149076308403,0.2554714131957683,0.3571019571843513,-0.022367565974964698,260.0,9.397242210385388,13.468869296708615,0.011389288711245005,260.0,0.25040621950534087,0.34615297008057616,0.07170564028323612,260.0,9.06701504659354,12.866029716312754,0.0672159047944838,260.0,,,,,,,,
lightgbm_without_cyclone,15,260,12,0.044741325290216995,0.6233198924731184,0.07471761047480607,0.04421779824042843,-0.01183973582180542,0.08076923076923077,-0.000523527049788565,0.2637575656631936,0.3663217322605199,-0.07584070199848725,260.0,9.83251198468842,14.090262697216179,-0.08193511118901231,260.0,0.2565340373513623,0.35270232494268894,0.03624591477397243,260.0,9.016748715896362,12.838956741480052,0.07113734313808096,260.0,,,,,,,,
elastic,15,260,12,0.044834889053828104,0.7049731182795699,0.09804431405040921,0.04421779824042843,-0.01395571100226034,0.08076923076923077,-0.0006170908133996747,0.25571029839660764,0.35372076651843437,-0.0030988148809287797,260.0,9.91257454144118,13.756014868294857,-0.0312128299910841,260.0,0.2531925270378087,0.3477306476629423,0.06322449552796683,260.0,9.224603143676351,12.827826353284223,0.0727471500364344,260.0,,,,,,,,
lightgbm_season,15,260,12,0.0451099183753906,0.5761088709677419,0.07439489923825873,0.04421779824042843,-0.020175589252802384,0.08076923076923077,-0.0008921201349621696,0.25913216520361665,0.3600231904636023,-0.03916271239018965,260.0,9.879412358872752,14.212076163670304,-0.10072311601811168,260.0,0.2620270882150311,0.3557708773284705,0.01940341474333085,260.0,9.396950059930015,13.335569152981888,-0.002109417968328975,260.0,,,,,,,,
xgboost,15,260,12,0.04521132018525334,0.5403225806451613,0.05645321946836969,0.04421779824042843,-0.02246882441823006,0.08076923076923077,-0.00099352194482491,0.2593164556042062,0.36300752660953584,-0.05646195500845419,260.0,9.512159945468998,13.806999025137811,-0.03887099959068885,260.0,0.2559004014712285,0.3518939861125016,0.040658401314443426,260.0,9.121812859131726,12.978499298109346,0.050836589821444234,260.0,,,,,,,,
elastic_isotonic,15,260,12,0.045307167456434635,0.6423051075268815,0.09908488047532991,0.04421779824042843,-0.024636441870825587,0.08076923076923077,-0.0010893692160062057,0.25571029839660764,0.35372076651843437,-0.0030988148809287797,260.0,9.91257454144118,13.756014868294857,-0.0312128299910841,260.0,0.2531925270378087,0.3477306476629423,0.06322449552796683,260.0,9.224603143676351,12.827826353284223,0.0727471500364344,260.0,,,,,,,,
catboost_isotonic,15,260,12,0.045734924179300064,0.3936491935483871,0.03910829247744934,0.04421779824042843,-0.03431030035965299,0.08076923076923077,-0.0015171259388716343,0.2554714131957683,0.3571019571843513,-0.022367565974964698,260.0,9.397242210385388,13.468869296708615,0.011389288711245005,260.0,0.25040621950534087,0.34615297008057616,0.07170564028323612,260.0,9.06701504659354,12.866029716312754,0.0672159047944838,260.0,,,,,,,,
linear,15,260,12,0.04614866168323106,0.6891801075268817,0.09452744172809643,0.04421779824042843,-0.04366710961734954,0.08076923076923077,-0.0019308634428026328,0.26487816093685773,0.360407255729799,-0.041381009397122526,260.0,9.918498614099827,13.824890874983097,-0.04156519361866806,260.0,0.25643107762070955,0.3483075138339925,0.06011379853191534,260.0,9.249059562232853,12.879362991829996,0.06528158442040288,260.0,,,,,,,,
trailing_mean,15,260,12,0.046153846153846156,0.5,0.046153846153846156,0.04421779824042843,-0.043784358119568045,0.08076923076923077,-0.0019360479134177266,0.26630847039168126,0.3643119810544297,-0.06406831289275527,260.0,9.876158720620484,14.015157567796262,-0.07043180400916271,260.0,0.2637222246343476,0.36064410913943507,-0.007644346222086762,260.0,9.491161476599032,13.40226226007945,-0.012157869997159176,260.0,,,,,,,,
lightgbm_without_weather,15,260,12,0.0461901915624102,0.5964381720430108,0.08169396152219092,0.04421779824042843,-0.044606321446788,0.08076923076923077,-0.0019723933219817705,0.25512184021220835,0.3543652005290831,-0.006757179958147841,260.0,9.506062508472688,13.547937252851343,-0.00025190618916570706,260.0,0.25838560499535224,0.35422329404286707,0.027915939756504304,260.0,9.231521208578013,12.956135609945902,0.054104842295455535,260.0,,,,,,,,
climatology,15,260,12,0.04625537391990402,0.5890456989247312,0.1028025517155952,0.04421779824042843,-0.04608044182563198,0.08076923076923077,-0.0020375756794755936,0.2640964754393895,0.3675851082218181,-0.08327424994809851,260.0,10.138685106890819,14.293235570279277,-0.11333057873329078,260.0,0.2598720400060084,0.35695197193602946,0.012881802761986028,260.0,9.45978990675861,13.403453888988869,-0.012337865012151283,260.0,,,,,,,,
persistence,15,260,12,0.08076923076923077,0.521505376344086,0.049883449883449886,0.04421779824042843,-0.8266226267092442,0.08076923076923077,-0.036551432528802344,0.3185001106822931,0.4614293846356927,-0.706998336090807,260.0,11.75027348715946,17.128372812658572,-0.5988040838198083,260.0,0.2968481209633787,0.4400422841846043,-0.5001628547923143,260.0,10.719963982895962,16.154302812317937,-0.47051165510485027,260.0,,,,,,,,
lightgbm_label10,10,260,24,0.08798884384167079,0.5134180790960452,0.12197635647585842,0.08398964963084549,-0.04761532198792007,0.15384615384615385,-0.003999194210825299,0.2700424299733824,0.37312312073332304,-0.11616120800698049,260.0,10.050929164340236,14.269363800525266,-0.10961483820051088,260.0,0.26027062126163314,0.3579433960765951,0.007390801295022897,260.0,9.266991102238476,13.075613932420309,0.03657877376467644,260.0,,,,,,,,
quantile_CQR,15,0,0,,,,,,,,,,,,,,,,,,,,,,,,0.7923076923076923,0.7844426107354567,0.8076923076923077,30.133845952360815,0.7807692307692308,0.7780235450897008,0.8076923076923077,29.006872977245806
