crop_year,feature,value,mean_probability
2018,hot35,0.0,0.06996020209038499
2018,hot35,1.0,0.0664341684014499
2018,hot35,10.0,0.06285885167464114
2018,hot35,18.25,0.05315894931532338
2018,hot35,21.000000000000014,0.04939234711854523
2018,dry_spell,1.9000000000000001,0.040740706661759295
2018,dry_spell,2.0,0.040740706661759295
2018,dry_spell,2.5,0.040740706661759295
2018,dry_spell,27.25,0.048773805962492964
2018,dry_spell,39.2,0.0584896025027604
2018,rain_z,-0.8626844114644094,0.0472419028340081
2018,rain_z,-0.6026450735863351,0.04648072001227666
2018,rain_z,0.015463368319765941,0.042380382775119615
2018,rain_z,0.5770423768174804,0.040740706661759295
2018,rain_z,1.1514549467758244,0.040740706661759295
2019,hot35,0.9000000000000001,0.07718881819730755
2019,hot35,3.25,0.0755126832876397
2019,hot35,11.0,0.0721505780154306
2019,hot35,18.25,0.06386693733049044
2019,hot35,21.000000000000014,0.06172355185125567
2019,dry_spell,1.9000000000000001,0.04699179140170576
2019,dry_spell,2.0,0.04699179140170576
2019,dry_spell,21.5,0.05221080559239536
2019,dry_spell,41.80000000000001,0.059454208339981114
2019,rain_z,-0.918260083572635,0.05034406122104145
2019,rain_z,-0.6632019679877368,0.048867094232060516
2019,rain_z,-0.005322775364497295,0.0464139585453919
2019,rain_z,0.5770423768174804,0.042162554593389134
2019,rain_z,1.1514549467758244,0.04087492007222168
2020,hot35,1.0,0.05560456964877844
2020,hot35,5.5,0.05458344163291947
2020,hot35,11.0,0.05050963474390001
2020,hot35,18.25,0.04823753577368783
2020,hot35,21.000000000000014,0.048210678585019116
2020,dry_spell,1.9000000000000001,0.0433367801688281
2020,dry_spell,2.0,0.0433367801688281
2020,dry_spell,8.0,0.043676951967021364
2020,dry_spell,40.20000000000002,0.055157723307771515
2020,rain_z,-1.1957329691140253,0.05899255787477509
2020,rain_z,-0.8159726628381262,0.054568656048697414
2020,rain_z,-0.005322775364497295,0.04896885009128503
2020,rain_z,0.5770423768174804,0.04515596646845787
2020,rain_z,1.2542609393351802,0.0433367801688281
2021,hot35,0.9000000000000001,0.06625328672338329
2021,hot35,5.5,0.06211153798630316
2021,hot35,11.5,0.055316879255809706
2021,hot35,19.25,0.05190512232286988
2021,hot35,25.500000000000007,0.05014098629181759
2021,dry_spell,1.9000000000000001,0.045942943278853406
2021,dry_spell,2.0,0.045942943278853406
2021,dry_spell,4.0,0.046004651711848976
2021,dry_spell,45.60000000000001,0.06016148184757911
2021,rain_z,-1.1957329691140253,0.058001180976537475
2021,rain_z,-0.8159726628381262,0.05591642623212915
2021,rain_z,-0.005322775364497295,0.050964135469016236
2021,rain_z,0.6407530064787441,0.04831701538335062
2021,rain_z,1.6020937692794326,0.04518718648100823
2022,hot35,0.0,0.05678130123265709
2022,hot35,5.5,0.05311265439450756
2022,hot35,11.5,0.050895498901798446
2022,hot35,19.25,0.04665362309708811
2022,hot35,25.500000000000007,0.04450762334913853
2022,dry_spell,1.9000000000000001,0.03945869063617373
2022,dry_spell,2.0,0.039479325401942336
2022,dry_spell,3.25,0.039592982465969095
2022,dry_spell,45.60000000000001,0.0458892435043509
2022,rain_z,-1.1957329691140253,0.04573621351047209
2022,rain_z,-0.6632019679877368,0.043348736499152093
2022,rain_z,0.2955416043051101,0.03824991678614769
2022,rain_z,0.8786413023370929,0.03690101250859534
2022,rain_z,1.6020937692794326,0.036535653426468306
