model,crop_year,rows,positives,brier,auc,ap,base_brier,brier_skill,persistence_brier,brier_gain_over_base,anomaly_mae,anomaly_rmse,anomaly_r2,anomaly_rows,anomaly_pct_mae,anomaly_pct_rmse,anomaly_pct_r2,anomaly_pct_rows,detrended_anomaly_mae,detrended_anomaly_rmse,detrended_anomaly_r2,detrended_anomaly_rows,detrended_pct_mae,detrended_pct_rmse,detrended_pct_r2,detrended_pct_rows,anomaly_coverage,anomaly_width,anomaly_pct_coverage,anomaly_pct_width,detrended_anomaly_coverage,detrended_anomaly_width,detrended_pct_coverage,detrended_pct_width
base_rate,2018,52,2,0.03741518234107075,0.5,0.038461538461538464,0.03741518234107075,0.0,0.07692307692307693,0.0,0.2568968425623454,0.32314093035032315,-0.08589788068214022,52.0,9.665973483441743,13.093792495544388,-0.03904726857734042,52.0,0.26804952424830136,0.32778078297276925,-0.15826401186214767,52.0,9.989313444685505,12.81507093540198,-0.11063217821505567,52.0,,,,,,,,
base_rate,2019,52,3,0.05437099541332586,0.5,0.057692307692307696,0.05437099541332586,0.0,0.1346153846153846,0.0,0.2950084237941042,0.4270928711670922,-0.01060677107542829,52.0,10.458273152895336,14.847073103454921,-0.034772739668044395,52.0,0.27666616308172565,0.42101757912867493,-0.001044609353526571,52.0,9.352633897121462,13.841550400174494,-0.0066458069596300184,52.0,,,,,,,,
base_rate,2020,52,0,0.003491136688751923,,,0.0034911366887519276,1.3322676295501878e-15,0.038461538461538464,4.7704895589362195e-18,0.21158726526788355,0.2547537989095181,-0.004276939697740678,52.0,7.7596662067933035,9.360008430133439,-0.02662017077760126,52.0,0.23196983878334063,0.2782498326090877,-0.0010548190473165242,52.0,8.145766849148275,9.67441999481488,-0.004723233613374012,52.0,,,,,,,,
base_rate,2021,52,3,0.05436564027799215,0.5,0.057692307692307696,0.054365640277992164,2.220446049250313e-16,0.07692307692307693,1.3877787807814457e-17,0.25953082599156957,0.3983406550379378,-0.005703703744012856,52.0,10.012504932255016,15.868975447376364,-0.031201495192404005,52.0,0.2693453939519919,0.3960402862431299,-0.0038689560748683682,52.0,9.95042285834705,15.310274172730082,-0.019137249151531366,52.0,,,,,,,,
base_rate,2022,52,4,0.07144603648100151,0.5,0.07692307692307693,0.07144603648100151,0.0,0.07692307692307693,0.0,0.25001357627169324,0.33850533958321666,-0.04862995361324973,52.0,9.999984984961413,14.018912361814301,-0.04985157744120494,52.0,0.27443403079058426,0.35789250954564766,-0.03965329669949291,52.0,10.417272322432696,14.348280952904716,-0.027940980533480708,52.0,,,,,,,,
catboost,2018,52,2,0.03636652605120157,0.7599999999999999,0.1111111111111111,0.03741518234107075,0.028027560585160427,0.07692307692307693,0.0010486562898691862,0.2542433404917767,0.32014863195709786,-0.06588007598828916,52.0,9.740032493282934,13.077859230722922,-0.036520064558091425,52.0,0.2641103893871866,0.32335343394759053,-0.12718588289735844,52.0,10.116135146751011,13.065270045423855,-0.15442308896858514,52.0,,,,,,,,
catboost,2019,52,3,0.05518280027581643,0.5374149659863946,0.13055555555555554,0.05437099541332586,-0.014930844217937667,0.1346153846153846,-0.0008118048624905713,0.2964423333712131,0.4289999295349959,-0.019652058862631883,52.0,10.297315236281626,14.6340564449306,-0.0052931813551047036,52.0,0.2730879669968967,0.40623798582941,0.06800403440369251,52.0,9.382272152612485,13.36814134457922,0.06103529090472448,52.0,,,,,,,,
catboost,2020,52,0,0.0038382397377293175,,,0.0034911366887519276,-0.09942407872362002,0.038461538461538464,-0.00034710304897738993,0.21784076997296503,0.2669709484444535,-0.10291022059573285,52.0,7.700441416190273,9.231118664212222,0.0014588183017968381,52.0,0.2191223948952883,0.26897850928740746,0.0645443511778111,52.0,7.535246922604188,9.035179260448972,0.12366508087513739,52.0,,,,,,,,
catboost,2021,52,3,0.05477689648821487,0.4217687074829931,0.14883720930232558,0.054365640277992164,-0.0075646347236930644,0.07692307692307693,-0.00041125621022270603,0.2653060571071061,0.40318297887471694,-0.030303468035059344,52.0,9.863241902269614,15.738760275646408,-0.014347582835928074,52.0,0.24785667481020687,0.38680429855099707,0.04240719071399368,52.0,9.146397808794806,15.077273887596506,0.011646311381797503,52.0,,,,,,,,
catboost,2022,52,4,0.07329460318733416,0.3125,0.06973349380378209,0.07144603648100151,-0.025873607513892116,0.07692307692307693,-0.001848566706332655,0.24352456503578068,0.34240758062843335,-0.07294621926247014,52.0,9.385180003902487,13.745692552943558,-0.009328451003553617,52.0,0.2478536714371261,0.32795677347111113,0.12699540987541635,52.0,9.15502320220521,13.01178184518436,0.15463943842593342,52.0,,,,,,,,
catboost_isotonic,2018,52,2,0.036357105712171656,0.6599999999999999,0.05555555555555555,0.03741518234107075,0.028279339099669287,0.07692307692307693,0.0010580766288990975,0.2542433404917767,0.32014863195709786,-0.06588007598828916,52.0,9.740032493282934,13.077859230722922,-0.036520064558091425,52.0,0.2641103893871866,0.32335343394759053,-0.12718588289735844,52.0,10.116135146751011,13.065270045423855,-0.15442308896858514,52.0,,,,,,,,
catboost_isotonic,2019,52,3,0.05891444511324199,0.5408163265306123,0.06382978723404255,0.05437099541332586,-0.08356384990521204,0.1346153846153846,-0.00454344969991613,0.2964423333712131,0.4289999295349959,-0.019652058862631883,52.0,10.297315236281626,14.6340564449306,-0.0052931813551047036,52.0,0.2730879669968967,0.40623798582941,0.06800403440369251,52.0,9.382272152612485,13.36814134457922,0.06103529090472448,52.0,,,,,,,,
catboost_isotonic,2020,52,0,0.0027519517688699147,,,0.0034911366887519276,0.2117318758281761,0.038461538461538464,0.0007391849198820129,0.21784076997296503,0.2669709484444535,-0.10291022059573285,52.0,7.700441416190273,9.231118664212222,0.0014588183017968381,52.0,0.2191223948952883,0.26897850928740746,0.0645443511778111,52.0,7.535246922604188,9.035179260448972,0.12366508087513739,52.0,,,,,,,,
catboost_isotonic,2021,52,3,0.057424322808177185,0.3503401360544217,0.048878205128205135,0.054365640277992164,-0.056261317158131874,0.07692307692307693,-0.003058682530185021,0.2653060571071061,0.40318297887471694,-0.030303468035059344,52.0,9.863241902269614,15.738760275646408,-0.014347582835928074,52.0,0.24785667481020687,0.38680429855099707,0.04240719071399368,52.0,9.146397808794806,15.077273887596506,0.011646311381797503,52.0,,,,,,,,
catboost_isotonic,2022,52,4,0.07322679549403963,0.4583333333333333,0.07155635062611806,0.07144603648100151,-0.02492453186695176,0.07692307692307693,-0.001780759013038119,0.24352456503578068,0.34240758062843335,-0.07294621926247014,52.0,9.385180003902487,13.745692552943558,-0.009328451003553617,52.0,0.2478536714371261,0.32795677347111113,0.12699540987541635,52.0,9.15502320220521,13.01178184518436,0.15463943842593342,52.0,,,,,,,,
climatology,2018,52,2,0.04121794871794872,0.605,0.10256410256410256,0.03741518234107075,-0.1016369863498876,0.07692307692307693,-0.0038027663768779654,0.2610399218335807,0.32884438107920005,-0.12456844851437676,52.0,10.034561665292086,13.169045458562362,-0.05102486443745202,52.0,0.27174022686767335,0.3410125702878502,-0.2536645986270041,52.0,10.064187853657087,13.617102372116726,-0.254000264328601,52.0,,,,,,,,
climatology,2019,52,3,0.06156317049427846,0.4693877551020408,0.09401709401709402,0.05437099541332586,-0.13227962861959774,0.1346153846153846,-0.007192175080952601,0.29449378419788624,0.43923505860262907,-0.06888640396314272,52.0,11.051611384302943,15.384165944470825,-0.11099267856349626,52.0,0.25787715181254717,0.40818629715367855,0.059042919608076394,52.0,8.994117864017968,13.4615788088396,0.04786351301652625,52.0,,,,,,,,
climatology,2020,52,0,0.010523411853429154,,,0.0034911366887519276,-2.014322494829398,0.038461538461538464,-0.007032275164677226,0.22998513557041503,0.2803114996997402,-0.21588914830019323,52.0,8.611421844275997,10.391541420592592,-0.2653692000593231,52.0,0.2316751779702061,0.2774506618163958,0.004687250174528312,52.0,8.109397612897773,9.54479447866637,0.022020540918108122,52.0,,,,,,,,
climatology,2021,52,3,0.03626086638907151,0.9795918367346939,0.6388888888888888,0.054365640277992164,0.3330186823211144,0.07692307692307693,0.018104773888920657,0.2750207919132114,0.4000201095239016,-0.014201928390810581,52.0,10.856906422535737,16.175212190398227,-0.07138541708270574,52.0,0.2716931973768655,0.39391105854795205,0.006896210194907715,52.0,10.265629066617395,15.81881850504097,-0.0879647531196992,52.0,,,,,,,,
climatology,2022,52,4,0.08171147214479227,0.4114583333333333,0.07417582417582418,0.07144603648100151,-0.14368096775418016,0.07692307692307693,-0.010265435663790762,0.2599427436818541,0.3686968543014435,-0.24402777322395552,52.0,10.138924218047341,15.548793288885381,-0.29149474498954886,52.0,0.26637444600274984,0.34931809755295906,0.009566116310743444,52.0,9.865617136602832,13.794389410066007,0.049891070330483456,52.0,,,,,,,,
elastic,2018,52,2,0.03982546623782841,0.7699999999999999,0.12406015037593984,0.03741518234107075,-0.06441994254594019,0.07692307692307693,-0.0024102838967576534,0.2559314015833252,0.32056784521150367,-0.06867330112526515,52.0,10.005864246128727,12.885256728791406,-0.00621444729209486,52.0,0.2663773744033935,0.3233465491219091,-0.1271378834337269,52.0,9.972779536461319,12.508499823264279,-0.05812914479466902,52.0,,,,,,,,
elastic,2019,52,3,0.058303399948650275,0.4013605442176871,0.09309231390186243,0.05437099541332586,-0.07232540999903447,0.1346153846153846,-0.003932404535324417,0.29653753060461335,0.42728697452365594,-0.011525572372065751,52.0,12.249243987767937,15.656338397347612,-0.1506511728653197,52.0,0.27305631063956387,0.41379735048750876,0.03299574948939443,52.0,10.425121618935403,13.717275703556554,0.01134914278233412,52.0,,,,,,,,
elastic,2020,52,0,0.006220024079370069,,,0.0034911366887519276,-0.7816615715478363,0.038461538461538464,-0.0027288873906181413,0.21165350700120983,0.25465270503802107,-0.00348004402819857,52.0,7.861780707307664,9.807282930509292,-0.12707994481778595,52.0,0.21700619466984156,0.2585799704778407,0.13547451490280793,52.0,7.32598333341022,9.347362244380317,0.06206073466542816,52.0,,,,,,,,
elastic,2021,52,3,0.04389227332936752,0.9659863945578231,0.5333333333333333,0.054365640277992164,0.1926468058698535,0.07692307692307693,0.010473366948624642,0.2609874737200781,0.39972722083259776,-0.012717305386512612,52.0,9.904417410016949,15.854505327546928,-0.029321751144520958,52.0,0.25154130915783623,0.3904853910271607,0.0240942568221173,52.0,9.108833680723894,15.317640488487616,-0.02011817120475179,52.0,,,,,,,,
elastic,2022,52,4,0.07593328167392424,0.6145833333333334,0.1447671376242805,0.07144603648100151,-0.06280607594118881,0.07692307692307693,-0.004487245192922734,0.2534415790738118,0.3400355129881058,-0.0581317968548305,52.0,9.541566355984603,13.690902623433837,-0.0012981796564248693,52.0,0.25798144631840814,0.33084639454429876,0.11154358092910344,52.0,9.29029754885092,12.49544449516938,0.22039995464163842,52.0,,,,,,,,
elastic_isotonic,2018,52,2,0.04252516040530451,0.63,0.06923076923076923,0.03741518234107075,-0.13657498759867126,0.07692307692307693,-0.005109978064233758,0.2559314015833252,0.32056784521150367,-0.06867330112526515,52.0,10.005864246128727,12.885256728791406,-0.00621444729209486,52.0,0.2663773744033935,0.3233465491219091,-0.1271378834337269,52.0,9.972779536461319,12.508499823264279,-0.05812914479466902,52.0,,,,,,,,
elastic_isotonic,2019,52,3,0.06005732994272447,0.3843537414965986,0.0754985754985755,0.05437099541332586,-0.10458396956265648,0.1346153846153846,-0.0056863345293986095,0.29653753060461335,0.42728697452365594,-0.011525572372065751,52.0,12.249243987767937,15.656338397347612,-0.1506511728653197,52.0,0.27305631063956387,0.41379735048750876,0.03299574948939443,52.0,10.425121618935403,13.717275703556554,0.01134914278233412,52.0,,,,,,,,
elastic_isotonic,2020,52,0,0.0024066733486173414,,,0.0034911366887519276,0.3106333085234423,0.038461538461538464,0.0010844633401345862,0.21165350700120983,0.25465270503802107,-0.00348004402819857,52.0,7.861780707307664,9.807282930509292,-0.12707994481778595,52.0,0.21700619466984156,0.2585799704778407,0.13547451490280793,52.0,7.32598333341022,9.347362244380317,0.06206073466542816,52.0,,,,,,,,
elastic_isotonic,2021,52,3,0.047205532705658935,0.9523809523809523,0.41666666666666663,0.054365640277992164,0.13170280963713255,0.07692307692307693,0.007160107572333228,0.2609874737200781,0.39972722083259776,-0.012717305386512612,52.0,9.904417410016949,15.854505327546928,-0.029321751144520958,52.0,0.25154130915783623,0.3904853910271607,0.0240942568221173,52.0,9.108833680723894,15.317640488487616,-0.02011817120475179,52.0,,,,,,,,
elastic_isotonic,2022,52,4,0.07434114087986793,0.6796875,0.1923076923076923,0.07144603648100151,-0.04052155362930843,0.07692307692307693,-0.0028951043988664216,0.2534415790738118,0.3400355129881058,-0.0581317968548305,52.0,9.541566355984603,13.690902623433837,-0.0012981796564248693,52.0,0.25798144631840814,0.33084639454429876,0.11154358092910344,52.0,9.29029754885092,12.49544449516938,0.22039995464163842,52.0,,,,,,,,
lightgbm,2018,52,2,0.03644424536366739,0.75,0.1125,0.03741518234107075,0.025950347336342272,0.07692307692307693,0.0009709369774033652,0.2565657569543147,0.3241879562061973,-0.09294623028998439,52.0,9.807557324936452,13.365190037962062,-0.0825667234811267,52.0,0.27184329323958706,0.33398424570772006,-0.202520665910078,52.0,10.482173510127248,13.49591904053964,-0.2317800098640712,52.0,,,,,,,,
lightgbm,2019,52,3,0.057180627999325634,0.5510204081632653,0.10416666666666666,0.05437099541332586,-0.051675209634127084,0.1346153846153846,-0.002809632585999776,0.3164952352004503,0.44673646018169477,-0.10570775633899254,52.0,10.8745092037074,15.419150210737465,-0.11605131570462568,52.0,0.2756808598117215,0.40542280095916483,0.07174069495562796,52.0,9.146191485541555,12.860342017578162,0.13101506104338412,52.0,,,,,,,,
lightgbm,2020,52,0,0.0024386336847001156,,,0.0034911366887519276,0.3014786007786132,0.038461538461538464,0.001052503004051812,0.23956862152644712,0.2978889454494893,-0.3731593125976933,52.0,8.626804426955312,10.278570035634162,-0.2380058929633706,52.0,0.23838732813347302,0.300283578771321,-0.16587288907544706,52.0,7.943588025364759,9.816345867561669,-0.03441848787595636,52.0,,,,,,,,
lightgbm,2021,52,3,0.05442413386504041,0.5918367346938775,0.21822660098522167,0.054365640277992164,-0.0010759293323714392,0.07692307692307693,-5.849358704824309e-05,0.2661309592946338,0.40922765847226833,-0.06142849025160091,52.0,10.125108842743275,16.003823684773653,-0.048801437230894695,52.0,0.2479093858779861,0.38787163968833255,0.03711516911798962,52.0,9.127136149177502,15.084560375346102,0.010690784900605821,52.0,,,,,,,,
lightgbm,2022,52,4,0.07288812157232208,0.5208333333333334,0.10077838827838828,0.07144603648100151,-0.02018425601123508,0.07692307692307693,-0.0014420850913205718,0.24400476998770715,0.3361377025163177,-0.03401220840072816,52.0,9.728580125099658,14.646762164380375,-0.14599447152401424,52.0,0.24574814096928893,0.32734613900712733,0.13024334037374086,52.0,8.636322470262407,12.446683878459584,0.2264725051572235,52.0,,,,,,,,
lightgbm_isotonic,2018,52,2,0.035605779554016566,0.805,0.09953703703703703,0.03741518234107075,0.04836012211727214,0.07692307692307693,0.0018094027870541873,0.2565657569543147,0.3241879562061973,-0.09294623028998439,52.0,9.807557324936452,13.365190037962062,-0.0825667234811267,52.0,0.27184329323958706,0.33398424570772006,-0.202520665910078,52.0,10.482173510127248,13.49591904053964,-0.2317800098640712,52.0,,,,,,,,
lightgbm_isotonic,2019,52,3,0.05548090218279941,0.5068027210884354,0.06602879878741948,0.05437099541332586,-0.020413581929778823,0.1346153846153846,-0.001109906769473555,0.3164952352004503,0.44673646018169477,-0.10570775633899254,52.0,10.8745092037074,15.419150210737465,-0.11605131570462568,52.0,0.2756808598117215,0.40542280095916483,0.07174069495562796,52.0,9.146191485541555,12.860342017578162,0.13101506104338412,52.0,,,,,,,,
lightgbm_isotonic,2020,52,0,0.0012531109265606914,,,0.0034911366887519276,0.6410593344574327,0.038461538461538464,0.002238025762191236,0.23956862152644712,0.2978889454494893,-0.3731593125976933,52.0,8.626804426955312,10.278570035634162,-0.2380058929633706,52.0,0.23838732813347302,0.300283578771321,-0.16587288907544706,52.0,7.943588025364759,9.816345867561669,-0.03441848787595636,52.0,,,,,,,,
lightgbm_isotonic,2021,52,3,0.0548644441006898,0.5272108843537415,0.08873226710038853,0.054365640277992164,-0.009174982951493993,0.07692307692307693,-0.0004988038226976382,0.2661309592946338,0.40922765847226833,-0.06142849025160091,52.0,10.125108842743275,16.003823684773653,-0.048801437230894695,52.0,0.2479093858779861,0.38787163968833255,0.03711516911798962,52.0,9.127136149177502,15.084560375346102,0.010690784900605821,52.0,,,,,,,,
lightgbm_isotonic,2022,52,4,0.07297651917848126,0.46614583333333337,0.0765615962984384,0.07144603648100151,-0.02142151997314401,0.07692307692307693,-0.0015304826974797542,0.24400476998770715,0.3361377025163177,-0.03401220840072816,52.0,9.728580125099658,14.646762164380375,-0.14599447152401424,52.0,0.24574814096928893,0.32734613900712733,0.13024334037374086,52.0,8.636322470262407,12.446683878459584,0.2264725051572235,52.0,,,,,,,,
lightgbm_label10,2018,52,4,0.07170255027315763,0.5598958333333334,0.11993806846748023,0.07184713659399951,0.002012415911004539,0.11538461538461539,0.00014458632084188294,0.2565657569543147,0.3241879562061973,-0.09294623028998439,52.0,9.807557324936452,13.365190037962062,-0.0825667234811267,52.0,0.27184329323958706,0.33398424570772006,-0.202520665910078,52.0,10.482173510127248,13.49591904053964,-0.2317800098640712,52.0,,,,,,,,
lightgbm_label10,2019,52,7,0.11150883518926563,0.6126984126984126,0.3455410639621166,0.11735198347396801,0.04979164485957377,0.23076923076923078,0.005843148284702379,0.3164952352004503,0.44673646018169477,-0.10570775633899254,52.0,10.8745092037074,15.419150210737465,-0.11605131570462568,52.0,0.2756808598117215,0.40542280095916483,0.07174069495562796,52.0,9.146191485541555,12.860342017578162,0.13101506104338412,52.0,,,,,,,,
lightgbm_label10,2020,52,2,0.05338071617320688,0.47,0.08333333333333333,0.041235556649254476,-0.2945312373798641,0.11538461538461539,-0.012145159523952405,0.23956862152644712,0.2978889454494893,-0.3731593125976933,52.0,8.626804426955312,10.278570035634162,-0.2380058929633706,52.0,0.23838732813347302,0.300283578771321,-0.16587288907544706,52.0,7.943588025364759,9.816345867561669,-0.03441848787595636,52.0,,,,,,,,
lightgbm_label10,2021,52,3,0.05809957631200068,0.40476190476190477,0.061318150448585226,0.05663745654290859,-0.025815420718696913,0.15384615384615385,-0.0014621197690920934,0.2661309592946338,0.40922765847226833,-0.06142849025160091,52.0,10.125108842743275,16.003823684773653,-0.048801437230894695,52.0,0.2479093858779861,0.38787163968833255,0.03711516911798962,52.0,9.127136149177502,15.084560375346102,0.010690784900605821,52.0,,,,,,,,
lightgbm_label10,2022,52,8,0.14525254126072304,0.4346590909090909,0.16632362265777198,0.13287611489409693,-0.09314259659450608,0.15384615384615385,-0.012376426366626114,0.27145157689106597,0.36773349051227744,-0.237535254583642,52.0,10.820666023358747,15.489475261474164,-0.28165953922498854,52.0,0.26753223924539776,0.35226355687393196,-0.007207031356433857,52.0,9.635866340981307,13.54346938866024,0.08414167540887874,52.0,,,,,,,,
lightgbm_label20,2018,52,1,0.01846588755527438,0.892156862745098,0.14285714285714285,0.0193619612975452,0.04628011225208006,0.057692307692307696,0.0008960737422708219,0.2565657569543147,0.3241879562061973,-0.09294623028998439,52.0,9.807557324936452,13.365190037962062,-0.0825667234811267,52.0,0.27184329323958706,0.33398424570772006,-0.202520665910078,52.0,10.482173510127248,13.49591904053964,-0.2317800098640712,52.0,,,,,,,,
lightgbm_label20,2019,52,1,0.02380406882937566,0.0980392156862745,0.02127659574468085,0.019407233640278708,-0.2265565134420573,0.07692307692307693,-0.004396835189096952,0.3164952352004503,0.44673646018169477,-0.10570775633899254,52.0,10.8745092037074,15.419150210737465,-0.11605131570462568,52.0,0.2756808598117215,0.40542280095916483,0.07174069495562796,52.0,9.146191485541555,12.860342017578162,0.13101506104338412,52.0,,,,,,,,
lightgbm_label20,2020,52,0,0.0016790957197502382,,,0.0017014475353867532,0.013136940852798151,0.019230769230769232,2.2351815636515024e-05,0.23956862152644712,0.2978889454494893,-0.3731593125976933,52.0,8.626804426955312,10.278570035634162,-0.2380058929633706,52.0,0.23838732813347302,0.300283578771321,-0.16587288907544706,52.0,7.943588025364759,9.816345867561669,-0.03441848787595636,52.0,,,,,,,,
lightgbm_label20,2021,52,2,0.034399326654742685,0.655,0.527027027027027,0.036984746852379694,0.06990503971695172,0.057692307692307696,0.002585420197637009,0.2661309592946338,0.40922765847226833,-0.06142849025160091,52.0,10.125108842743275,16.003823684773653,-0.048801437230894695,52.0,0.2479093858779861,0.38787163968833255,0.03711516911798962,52.0,9.127136149177502,15.084560375346102,0.010690784900605821,52.0,,,,,,,,
lightgbm_label20,2022,52,4,0.07127300205422024,0.7447916666666667,0.24091591591591588,0.07252387971668689,0.017247803997154865,0.07692307692307693,0.0012508776624666484,0.24400476998770715,0.3361377025163177,-0.03401220840072816,52.0,9.728580125099658,14.646762164380375,-0.14599447152401424,52.0,0.24574814096928893,0.32734613900712733,0.13024334037374086,52.0,8.636322470262407,12.446683878459584,0.2264725051572235,52.0,,,,,,,,
lightgbm_season,2018,52,2,0.03866286152172271,0.61,0.07771260997067449,0.03741518234107075,-0.033346868906806826,0.07692307692307693,-0.0012476791806519602,0.2590198264984456,0.31809601676804644,-0.05225622879123759,52.0,10.149642817371586,13.359427112295958,-0.08163334258685673,52.0,0.2764555186213934,0.3344294357751969,-0.20572864392381884,52.0,10.979475204856886,14.407871046419844,-0.4038730878306749,52.0,,,,,,,,
lightgbm_season,2019,52,3,0.05768647087840238,0.54421768707483,0.07917164476304261,0.05437099541332586,-0.06097875236368999,0.1346153846153846,-0.003315475465076524,0.2988891125665899,0.43238405863211127,-0.03580238420578952,52.0,10.8807537872345,15.79464235800811,-0.17107006126220337,52.0,0.26261769189262313,0.39854970602463224,0.10294729911564926,52.0,9.129546242257417,13.413023310560494,0.05471977920710891,52.0,,,,,,,,
lightgbm_season,2020,52,0,0.005398327744319706,,,0.0034911366887519276,-0.5462951541578267,0.038461538461538464,-0.0019071910555677786,0.22154649745992977,0.27608901073563935,-0.17953380956398823,52.0,8.300786923377485,10.174718016623645,-0.21311529144762864,52.0,0.23227445106753158,0.28913864770955106,-0.08093686406745881,52.0,7.32146580456978,9.280602501365545,0.07541059228507341,52.0,,,,,,,,
lightgbm_season,2021,52,3,0.0466933873954055,0.9149659863945578,0.5714285714285714,0.054365640277992164,0.14112319552120633,0.07692307692307693,0.007672252882586661,0.2601873150785447,0.38930887566166844,0.039384934810581584,52.0,10.08758203782915,15.703903439734015,-0.009859580745504415,52.0,0.2669868945752982,0.3894416880104732,0.02930415494267391,52.0,9.715371020405312,15.11734530908252,0.006385762690057306,52.0,,,,,,,,
lightgbm_season,2022,52,4,0.0771085443371027,0.359375,0.0791258960063716,0.07144603648100151,-0.07925573110842787,0.07692307692307693,-0.005662507856101187,0.25601807441457325,0.3635325237130038,-0.20942169410296518,52.0,9.978296228551033,15.226064969695885,-0.23843900196892887,52.0,0.27180088491830956,0.3562494689544903,-0.030129367192573753,52.0,9.838892027560677,13.675794995813446,0.06615757512532205,52.0,,,,,,,,
lightgbm_season_isotonic,2018,52,2,0.03693401935911056,0.6950000000000001,0.07575757575757576,0.03741518234107075,0.012860099880684484,0.07692307692307693,0.00048116298196019397,0.2590198264984456,0.31809601676804644,-0.05225622879123759,52.0,10.149642817371586,13.359427112295958,-0.08163334258685673,52.0,0.2764555186213934,0.3344294357751969,-0.20572864392381884,52.0,10.979475204856886,14.407871046419844,-0.4038730878306749,52.0,,,,,,,,
lightgbm_season_isotonic,2019,52,3,0.05420936922298913,0.5714285714285714,0.06722689075630253,0.05437099541332586,0.0029726546131454423,0.1346153846153846,0.00016162619033673054,0.2988891125665899,0.43238405863211127,-0.03580238420578952,52.0,10.8807537872345,15.79464235800811,-0.17107006126220337,52.0,0.26261769189262313,0.39854970602463224,0.10294729911564926,52.0,9.129546242257417,13.413023310560494,0.05471977920710891,52.0,,,,,,,,
lightgbm_season_isotonic,2020,52,0,0.003724481502159083,,,0.0034911366887519276,-0.06683920860474113,0.038461538461538464,-0.00023334481340715535,0.22154649745992977,0.27608901073563935,-0.17953380956398823,52.0,8.300786923377485,10.174718016623645,-0.21311529144762864,52.0,0.23227445106753158,0.28913864770955106,-0.08093686406745881,52.0,7.32146580456978,9.280602501365545,0.07541059228507341,52.0,,,,,,,,
lightgbm_season_isotonic,2021,52,3,0.052471429430842056,0.8265306122448979,0.15,0.054365640277992164,0.03484205901860604,0.07692307692307693,0.0018942108471501073,0.2601873150785447,0.38930887566166844,0.039384934810581584,52.0,10.08758203782915,15.703903439734015,-0.009859580745504415,52.0,0.2669868945752982,0.3894416880104732,0.02930415494267391,52.0,9.715371020405312,15.11734530908252,0.006385762690057306,52.0,,,,,,,,
lightgbm_season_isotonic,2022,52,4,0.07357512094436601,0.41666666666666663,0.07518821603927986,0.07144603648100151,-0.02979989609263578,0.07692307692307693,-0.002129084463364503,0.25601807441457325,0.3635325237130038,-0.20942169410296518,52.0,9.978296228551033,15.226064969695885,-0.23843900196892887,52.0,0.27180088491830956,0.3562494689544903,-0.030129367192573753,52.0,9.838892027560677,13.675794995813446,0.06615757512532205,52.0,,,,,,,,
lightgbm_without_climate,2018,52,2,0.03828229118976285,0.64,0.11363636363636363,0.03741518234107075,-0.023175320670300925,0.07692307692307693,-0.0008671088486920941,0.23914315513743148,0.3071418106834993,0.01896856425682958,52.0,10.03164334400617,13.335745964057596,-0.07780209786049008,52.0,0.26431332517096207,0.32159958003423916,-0.11499143678565127,52.0,10.086414823403576,12.830499042846759,-0.11330797565345807,52.0,,,,,,,,
lightgbm_without_climate,2019,52,3,0.052788845897293254,0.6802721088435375,0.17564102564102563,0.05437099541332586,0.029099145675100746,0.1346153846153846,0.0015821495160326035,0.3002679452596774,0.42960892007718393,-0.022549025322774474,52.0,10.715197590521965,15.190547166337565,-0.08320366370550736,52.0,0.27382925594131174,0.4007296506951981,0.09310725514324947,52.0,9.282685018944475,12.848930383650162,0.1325565656589115,52.0,,,,,,,,
lightgbm_without_climate,2020,52,0,0.0016052233798725785,,,0.0034911366887519276,0.5402003636682464,0.038461538461538464,0.001885913308879349,0.22608130175909485,0.28371118019706787,-0.24556114856409206,52.0,8.704618472144775,10.46957031166554,-0.28444356981633145,52.0,0.2373214638483979,0.2930195431921583,-0.1101488441788776,52.0,7.8356365950126055,9.696626351985792,-0.009340946976172937,52.0,,,,,,,,
lightgbm_without_climate,2021,52,3,0.05280122258539418,0.673469387755102,0.23013493253373313,0.054365640277992164,0.028775853362501103,0.07692307692307693,0.0015644176925979844,0.25080675431673316,0.39487973545353744,0.011696172572931984,52.0,9.928707675427821,15.896457389099284,-0.03477626391486677,52.0,0.24505460683631414,0.38532385987160195,0.04972326500653568,52.0,9.010304353915313,14.94844279081469,0.02846456222179017,52.0,,,,,,,,
lightgbm_without_climate,2022,52,4,0.07781948670606201,0.24479166666666669,0.06105570842679033,0.07144603648100151,-0.08920649120620272,0.07692307692307693,-0.006373450225060501,0.2575568341684167,0.35149197528665316,-0.13063399769159245,52.0,10.508732581962246,14.804632259658746,-0.17083180661422404,52.0,0.266892313251475,0.3426118346825341,0.047230078747683035,52.0,9.459339072841543,13.291428326961196,0.11791234571446119,52.0,,,,,,,,
lightgbm_without_cyclone,2018,52,2,0.03690770704020405,0.73,0.10795454545454546,0.03741518234107075,0.013563352337578771,0.07692307692307693,0.0005074753008666999,0.2565657569543147,0.3241879562061973,-0.09294623028998439,52.0,9.807557324936452,13.365190037962062,-0.0825667234811267,52.0,0.27184329323958706,0.33398424570772006,-0.202520665910078,52.0,10.485638179974284,13.542415598405354,-0.24028216382688927,52.0,,,,,,,,
lightgbm_without_cyclone,2019,52,3,0.057180627999325634,0.5510204081632653,0.10416666666666666,0.05437099541332586,-0.051675209634127084,0.1346153846153846,-0.002809632585999776,0.31214701322347527,0.441755069244528,-0.081186570043015,52.0,10.8745092037074,15.419150210737465,-0.11605131570462568,52.0,0.27723073920577584,0.4040162360744845,0.07817048642583235,52.0,9.122375301316278,12.854595334420045,0.13179150468125245,52.0,,,,,,,,
lightgbm_without_cyclone,2020,52,0,0.002306035974192791,,,0.0034911366887519276,0.3394598436599191,0.038461538461538464,0.0011851007145591368,0.24075652631497715,0.29925264924889367,-0.38576044360323625,52.0,8.626804426955312,10.278570035634162,-0.2380058929633706,52.0,0.23690186390555665,0.296119977568529,-0.13376606214826303,52.0,7.772550201145511,9.68915967609041,-0.007787103439904852,52.0,,,,,,,,
lightgbm_without_cyclone,2021,52,3,0.05442413386504041,0.5918367346938775,0.21822660098522167,0.054365640277992164,-0.0010759293323714392,0.07692307692307693,-5.849358704824309e-05,0.26627664831461323,0.4097122268410412,-0.06394366328290113,52.0,10.125108842743275,16.003823684773653,-0.048801437230894695,52.0,0.2515755819860759,0.3919476037636619,0.016771813625654497,52.0,9.127136149177502,15.084560375346102,0.010690784900605821,52.0,,,,,,,,
lightgbm_without_cyclone,2022,52,4,0.07288812157232208,0.5208333333333334,0.10077838827838828,0.07144603648100151,-0.02018425601123508,0.07692307692307693,-0.0014420850913205718,0.24304188350858766,0.33659534841382577,-0.036829705970107485,52.0,9.728580125099658,14.646762164380375,-0.14599447152401424,52.0,0.24511870841981612,0.3254383036704188,0.14035200995631902,52.0,8.57604374786824,12.415016417633764,0.23040359079627004,52.0,,,,,,,,
lightgbm_without_memory_spatial,2018,52,2,0.038056531509631716,0.73,0.09808612440191387,0.03741518234107075,-0.017141415020098805,0.07692307692307693,-0.0006413491685609632,0.25871686268275806,0.3263821674844122,-0.10779114140849066,52.0,10.306330257980637,13.638188329832966,-0.12724356146309623,52.0,0.2531401130456227,0.32050974385675357,-0.10744727865927706,52.0,9.682940594424217,12.878438164025725,-0.12164291444545827,52.0,,,,,,,,
lightgbm_without_memory_spatial,2019,52,3,0.0553563737542261,0.4285714285714286,0.12181571815718156,0.05437099541332586,-0.018123235254558834,0.1346153846153846,-0.0009853783409002406,0.3005472698400181,0.43385147796217693,-0.04284489936980762,52.0,11.169710185383597,15.577686492358904,-0.13911928307552124,52.0,0.2580588614049235,0.41210257319862836,0.040900588570154106,52.0,8.768751382331764,13.261814270221471,0.07591250177727193,52.0,,,,,,,,
lightgbm_without_memory_spatial,2020,52,0,0.002314989742043744,,,0.0034911366887519276,0.3368951294567194,0.038461538461538464,0.0011761469467081835,0.23838171832968208,0.2952699615682268,-0.34912033269568776,52.0,9.11639219239601,10.875480835700206,-0.3859713344628697,52.0,0.23373088737392916,0.30364116475547304,-0.19209079519438244,52.0,8.851221620500832,10.744576225782694,-0.23929629916110384,52.0,,,,,,,,
lightgbm_without_memory_spatial,2021,52,3,0.05371207590349983,0.564625850340136,0.21544011544011543,0.054365640277992164,0.01202164402277639,0.07692307692307693,0.0006535643744923353,0.2744833847992655,0.4130303154333651,-0.08124631694766515,52.0,10.226528298036136,16.246538757155218,-0.08085505869791954,52.0,0.26781890015830506,0.39915641198439683,-0.01972839558407724,52.0,10.016646935828351,15.25258886684896,-0.011472005320612322,52.0,,,,,,,,
lightgbm_without_memory_spatial,2022,52,4,0.07390310580270201,0.44791666666666663,0.08435903302066651,0.07144603648100151,-0.03439056164233656,0.07692307692307693,-0.0024570693217005057,0.25827675271406836,0.35941371699113606,-0.18217156097758713,52.0,10.24462744022253,15.489102553641024,-0.28159786137023857,52.0,0.27927110164697966,0.3703299252970113,-0.1131685610793407,52.0,10.51138623346883,15.103385307395001,-0.13898247074910586,52.0,,,,,,,,
lightgbm_without_weather,2018,52,2,0.04772348522645258,0.38,0.05024509803921569,0.03741518234107075,-0.2755112294098423,0.07692307692307693,-0.010308302885381829,0.2658215031347291,0.3343551425095585,-0.1625752094549242,52.0,10.591179742577138,13.864336861889884,-0.16493743255304083,52.0,0.31959299561803045,0.38644474203674795,-0.6099611323384602,52.0,11.422914007110718,14.366273802230907,-0.39577849126780085,52.0,,,,,,,,
lightgbm_without_weather,2019,52,3,0.05704981690033424,0.6326530612244898,0.13203463203463203,0.05437099541332586,-0.0492693110847815,0.1346153846153846,-0.002678821487008383,0.2956344469779403,0.4307617259321416,-0.02804417235359291,52.0,10.51254919456383,14.875774066211155,-0.03877725682562505,52.0,0.26951896846015316,0.4085140542402511,0.057531211978879004,52.0,9.651579157933211,13.402122344443733,0.056255641796946754,52.0,,,,,,,,
lightgbm_without_weather,2020,52,0,0.0036666785588442712,,,0.0034911366887519276,-0.05028215327630137,0.038461538461538464,-0.00017554187009234364,0.20462538630544336,0.25053111880726897,0.028739988823708318,52.0,7.166900003186754,8.740772685079387,0.10472395301162396,52.0,0.21786851921654227,0.26002647588759037,0.12577508943508664,52.0,7.286355716584098,8.675508533008184,0.1920463396123483,52.0,,,,,,,,
lightgbm_without_weather,2021,52,3,0.0479714097438444,0.9251700680272108,0.5396825396825397,0.054365640277992164,0.11761528975749447,0.07692307692307693,0.0063942305341477615,0.2669204689685745,0.3992086221097069,-0.0100912484885618,52.0,9.721874221655234,15.582034375118026,0.005753493078221816,52.0,0.24115007439046285,0.37861732447090307,0.08251439914285874,52.0,8.906892474519596,14.76029763602577,0.052766674166249694,52.0,,,,,,,,
lightgbm_without_weather,2022,52,4,0.0745395673825755,0.3697916666666667,0.07349137931034483,0.07144603648100151,-0.043298845589518464,0.07692307692307693,-0.003093530901573993,0.24260739567435452,0.3292280143333934,0.00806143104017465,52.0,9.537809380380486,13.602338988110732,0.011614304994554847,52.0,0.24379746729157276,0.3165163384427684,0.1868407940077621,52.0,8.889864686742442,12.655817192503672,0.200259992682702,52.0,,,,,,,,
linear,2018,52,2,0.040396726478817535,0.78,0.11666666666666667,0.03741518234107075,-0.07968808251600934,0.07692307692307693,-0.002981544137746782,0.25055622230217206,0.3136938598636175,-0.023333236343880293,52.0,9.87452214528778,12.807955455900832,0.005822308393231723,52.0,0.253551798969414,0.30915649042019955,-0.03037976932390274,52.0,9.88190035213821,12.494131739803638,-0.05569966782583302,52.0,,,,,,,,
linear,2019,52,3,0.060470518608684784,0.6122448979591836,0.1423076923076923,0.05437099541332586,-0.11218340126000315,0.1346153846153846,-0.006099523195358926,0.3349922232365878,0.44657590164753386,-0.10491310924920705,52.0,12.459971389250397,15.863215167313637,-0.1812605906925091,52.0,0.2971380823662116,0.4169123989403364,0.018381817374256815,52.0,10.580121713715052,13.82641639300758,-0.004445727364692287,52.0,,,,,,,,
linear,2020,52,0,0.008833045984803249,,,0.0034911366887519276,-1.5301346731173222,0.038461538461538464,-0.005341909296051321,0.22536158719970595,0.27714053938827715,-0.18853580177967144,52.0,7.896517134815733,9.919115338538049,-0.15293067333218446,52.0,0.22228535580789766,0.28014051786495314,-0.014705212808476142,52.0,7.374893564972782,9.47897721368528,0.035461585663534856,52.0,,,,,,,,
linear,2021,52,3,0.04366430407309427,0.9591836734693878,0.5,0.054365640277992164,0.1968400657138939,0.07692307692307693,0.010701336204897896,0.26419877325784297,0.4005063817468656,-0.01666919427582214,52.0,9.79708196487579,15.876917772338373,-0.032233973560031215,52.0,0.25693565049466566,0.39021280459107716,0.025456283800176283,52.0,9.145511273185488,15.337371285063478,-0.022747911405618826,52.0,,,,,,,,
linear,2022,52,4,0.07737871327075543,0.45833333333333337,0.08877035662749949,0.07144603648100151,-0.0830371715767817,0.07692307692307693,-0.005932676789753927,0.24928199868797968,0.3382614903777693,-0.04711969395688209,52.0,9.564400436269434,13.765440533172573,-0.012230671634782198,52.0,0.2522445004653589,0.32627012488195273,0.13595186842817486,52.0,9.262870907152733,12.531195881429221,0.21593246169473612,52.0,,,,,,,,
linear_isotonic,2018,52,2,0.03791926423622128,0.6050000000000001,0.05846153846153847,0.03741518234107075,-0.013472656381984027,0.07692307692307693,-0.0005040818951505266,0.25055622230217206,0.3136938598636175,-0.023333236343880293,52.0,9.87452214528778,12.807955455900832,0.005822308393231723,52.0,0.253551798969414,0.30915649042019955,-0.03037976932390274,52.0,9.88190035213821,12.494131739803638,-0.05569966782583302,52.0,,,,,,,,
linear_isotonic,2019,52,3,0.05483836880944707,0.6020408163265305,0.07657754010695188,0.05437099541332586,-0.008596005877182566,0.1346153846153846,-0.0004673733961212123,0.3349922232365878,0.44657590164753386,-0.10491310924920705,52.0,12.459971389250397,15.863215167313637,-0.1812605906925091,52.0,0.2971380823662116,0.4169123989403364,0.018381817374256815,52.0,10.580121713715052,13.82641639300758,-0.004445727364692287,52.0,,,,,,,,
linear_isotonic,2020,52,0,0.003796996023366503,,,0.0034911366887519276,-0.08761024327693101,0.038461538461538464,-0.00030585933461457554,0.22536158719970595,0.27714053938827715,-0.18853580177967144,52.0,7.896517134815733,9.919115338538049,-0.15293067333218446,52.0,0.22228535580789766,0.28014051786495314,-0.014705212808476142,52.0,7.374893564972782,9.47897721368528,0.035461585663534856,52.0,,,,,,,,
linear_isotonic,2021,52,3,0.04891632310561416,0.9387755102040816,0.375,0.054365640277992164,0.10023458096903803,0.07692307692307693,0.005449317172378003,0.26419877325784297,0.4005063817468656,-0.01666919427582214,52.0,9.79708196487579,15.876917772338373,-0.032233973560031215,52.0,0.25693565049466566,0.39021280459107716,0.025456283800176283,52.0,9.145511273185488,15.337371285063478,-0.022747911405618826,52.0,,,,,,,,
linear_isotonic,2022,52,4,0.07275434085192113,0.5026041666666667,0.09246698679471789,0.07144603648100151,-0.018311783765185163,0.07692307692307693,-0.0013083043709196246,0.24928199868797968,0.3382614903777693,-0.04711969395688209,52.0,9.564400436269434,13.765440533172573,-0.012230671634782198,52.0,0.2522445004653589,0.32627012488195273,0.13595186842817486,52.0,9.262870907152733,12.531195881429221,0.21593246169473612,52.0,,,,,,,,
mixed,2018,52,2,0.04064269082331873,0.59,0.08412698412698412,0.03741518234107075,-0.08626200061853306,0.07692307692307693,-0.0032275084822479747,0.2679215537233764,0.3313793607234835,-0.1419733134496206,52.0,10.425038531820595,13.532215281551961,-0.10979354209042436,52.0,0.27463066298592254,0.32817493290371563,-0.16105126595386898,52.0,10.614373653767775,13.133228076657314,-0.1664636135073705,52.0,,,,,,,,
mixed,2019,52,3,0.0551683527236576,0.673469387755102,0.15162037037037035,0.05437099541332586,-0.014665122539513353,0.1346153846153846,-0.000797357310331745,0.30825121566868885,0.4324075236746027,-0.03591481113726713,52.0,11.230799827935611,15.260792901891676,-0.09324495714996228,52.0,0.27742435565439477,0.412492774786309,0.03908347159959602,52.0,9.680264952683237,13.690908950164756,0.015146173764716386,52.0,,,,,,,,
mixed,2020,52,0,0.007358899411889138,,,0.0034911366887519276,-1.1078806325741217,0.038461538461538464,-0.00386776272313721,0.20944540908428003,0.2483907053730912,0.04526502132284471,52.0,7.515594633203578,8.892756618001098,0.07331928290621137,52.0,0.20971435621260576,0.25392095848129226,0.16634735068356932,52.0,6.9317045139928775,8.528004665928663,0.21928696799129854,52.0,,,,,,,,
mixed,2021,52,3,0.04177598689140925,0.9727891156462585,0.5888888888888889,0.054365640277992164,0.231573716822008,0.07692307692307693,0.01258965338658291,0.26347492241077114,0.40363940908197227,-0.03263753387600454,52.0,9.857141392864802,15.959541832327071,-0.04300549511764862,52.0,0.2539282283064251,0.39138742315353975,0.019580310284060043,52.0,9.101572429234308,15.289787664471229,-0.01641168137281257,52.0,,,,,,,,
mixed,2022,52,4,0.0760542798210569,0.546875,0.10291191572906441,0.07144603648100151,-0.06449963590745567,0.07692307692307693,-0.0046082433400553985,0.23965309577440985,0.32753161352977317,0.01825734423443559,52.0,9.301123556213787,13.360531214602036,0.04644287494219235,52.0,0.24082933669940054,0.3207230041907752,0.16508254696859515,52.0,9.039640079534077,12.672861425608255,0.19810444102597657,52.0,,,,,,,,
mixed_isotonic,2018,52,2,0.037108321024543305,0.5900000000000001,0.052564102564102565,0.03741518234107075,0.008201518670419738,0.07692307692307693,0.00030686131652744864,0.2679215537233764,0.3313793607234835,-0.1419733134496206,52.0,10.425038531820595,13.532215281551961,-0.10979354209042436,52.0,0.27463066298592254,0.32817493290371563,-0.16105126595386898,52.0,10.614373653767775,13.133228076657314,-0.1664636135073705,52.0,,,,,,,,
mixed_isotonic,2019,52,3,0.055147250554773694,0.5544217687074829,0.09401709401709402,0.05437099541332586,-0.014277008091295285,0.1346153846153846,-0.0007762551414478361,0.30825121566868885,0.4324075236746027,-0.03591481113726713,52.0,11.230799827935611,15.260792901891676,-0.09324495714996228,52.0,0.27742435565439477,0.412492774786309,0.03908347159959602,52.0,9.680264952683237,13.690908950164756,0.015146173764716386,52.0,,,,,,,,
mixed_isotonic,2020,52,0,0.0035362646123895873,,,0.0034911366887519276,-0.012926427023913778,0.038461538461538464,-4.5127923637659686e-05,0.20944540908428003,0.2483907053730912,0.04526502132284471,52.0,7.515594633203578,8.892756618001098,0.07331928290621137,52.0,0.20971435621260576,0.25392095848129226,0.16634735068356932,52.0,6.9317045139928775,8.528004665928663,0.21928696799129854,52.0,,,,,,,,
mixed_isotonic,2021,52,3,0.04816679148921433,0.9693877551020408,0.5,0.054365640277992164,0.11402144363757638,0.07692307692307693,0.006198848788777835,0.26347492241077114,0.40363940908197227,-0.03263753387600454,52.0,9.857141392864802,15.959541832327071,-0.04300549511764862,52.0,0.2539282283064251,0.39138742315353975,0.019580310284060043,52.0,9.101572429234308,15.289787664471229,-0.01641168137281257,52.0,,,,,,,,
mixed_isotonic,2022,52,4,0.07432333267886658,0.42968750000000006,0.07239819004524888,0.07144603648100151,-0.04027229976053581,0.07692307692307693,-0.002877296197865073,0.23965309577440985,0.32753161352977317,0.01825734423443559,52.0,9.301123556213787,13.360531214602036,0.04644287494219235,52.0,0.24082933669940054,0.3207230041907752,0.16508254696859515,52.0,9.039640079534077,12.672861425608255,0.19810444102597657,52.0,,,,,,,,
persistence,2018,52,2,0.07692307692307693,0.48,0.038461538461538464,0.03741518234107075,-1.0559321673714854,0.07692307692307693,-0.039507894582006174,0.28943377528969216,0.4522332721200376,-1.1268167230424102,52.0,10.837071428031765,17.480323924070067,-0.8518395243365069,52.0,0.27970369853044724,0.44735836387006245,-1.1575044932361758,52.0,10.60003894073064,18.047420096745313,-1.2027158584060955,52.0,,,,,,,,
persistence,2019,52,3,0.1346153846153846,0.45918367346938777,0.057692307692307696,0.05437099541332586,-1.4758675759390556,0.1346153846153846,-0.08024438920205876,0.3539787005675319,0.4869947225605401,-0.31397187244209657,52.0,12.82450577833103,17.38653714581075,-0.41902311765495015,52.0,0.3118931917681339,0.44709500402667923,-0.12889254694611685,52.0,10.935980927739992,15.221310634226766,-0.21733836761255598,52.0,,,,,,,,
persistence,2020,52,0,0.038461538461538464,,,0.0034911366887519276,-10.016909932360273,0.038461538461538464,-0.034970401772786534,0.3094395137794845,0.38036470171640346,-1.23878591934294,52.0,11.524044892203598,14.339648691856908,-1.4095410883306188,52.0,0.29392341585118564,0.37026567238709296,-0.7726171119849503,52.0,10.736531136551568,13.615055095657139,-0.9899188981970402,52.0,,,,,,,,
persistence,2021,52,3,0.07692307692307693,0.6462585034013605,0.14957264957264957,0.054365640277992164,-0.4149208310568959,0.07692307692307693,-0.022557436645084764,0.3543723513912779,0.5644730796091152,-1.019515787542367,52.0,12.768070287347994,20.184652889257034,-0.6683544664548708,52.0,0.33767061870661297,0.5375797579083786,-0.849626791617474,52.0,11.903009061014874,19.04032415316252,-0.5762148498139279,52.0,,,,,,,,
persistence,2022,52,4,0.07692307692307693,0.5,0.07692307692307693,0.07144603648100151,-0.07665982203969901,0.07692307692307693,-0.00547704044207542,0.2852762123834792,0.39949897233528603,-0.4605705671330593,52.0,10.797675049882914,15.68459883989284,-0.3141534945424811,52.0,0.26104967996051387,0.37692697799548325,-0.15318175383148547,52.0,9.424259848442734,14.124664883564526,0.003849994468398732,52.0,,,,,,,,
quantile_CQR,2018,0,0,,,,,,,,,,,,,,,,,,,,,,,,0.6923076923076923,0.6647634150836426,0.8076923076923077,28.37708698515375,0.7115384615384616,0.7172526997522909,0.7307692307692307,27.17955715822497
quantile_CQR,2019,0,0,,,,,,,,,,,,,,,,,,,,,,,,0.7115384615384616,0.7079839140755151,0.7307692307692307,28.681131631372953,0.7115384615384616,0.659226029660573,0.7884615384615384,26.021782531785057
quantile_CQR,2020,0,0,,,,,,,,,,,,,,,,,,,,,,,,0.9615384615384616,0.9605998280535426,0.8846153846153846,31.771544748145622,0.8846153846153846,0.9126580858884534,0.9038461538461539,36.21965064059239
quantile_CQR,2021,0,0,,,,,,,,,,,,,,,,,,,,,,,,0.8269230769230769,0.8010443942114885,0.8461538461538461,32.58666170564187,0.8076923076923077,0.74779414640693,0.8461538461538461,26.635367901298476
quantile_CQR,2022,0,0,,,,,,,,,,,,,,,,,,,,,,,,0.7692307692307693,0.7878215022530948,0.7692307692307693,29.252804691489875,0.7884615384615384,0.8531867637402569,0.7692307692307693,28.978006654328144
stack,2018,52,2,0.0370787864007413,0.7699999999999999,0.12406015037593984,0.03741518234107075,0.008990894051054577,0.07692307692307693,0.0003363959403294564,0.2434794880108368,0.3119534329959439,-0.012009483224879602,52.0,9.500723307410626,12.796244913931432,0.0076394660518802615,52.0,0.2488506431886918,0.30543218268347616,-0.005704000252764407,52.0,9.472877532157776,12.627262877810017,-0.07831753311705425,52.0,,,,,,,,
stack,2019,52,3,0.05439360181630818,0.5986394557823129,0.10277777777777777,0.05437099541332586,-0.0004157805611331167,0.1346153846153846,-2.2606402982322527e-05,0.29635864240696297,0.4335074242230767,-0.04119155743544001,52.0,10.775275316943056,15.101457588506554,-0.07053536769944801,52.0,0.2735559577813913,0.41426205061481125,0.030822611742375994,52.0,10.066414529941133,15.015031968252947,-0.1845672853805238,52.0,,,,,,,,
stack,2020,52,0,0.0025329319675312825,,,0.0034911366887519276,0.27446783287170595,0.038461538461538464,0.0009582047212206451,0.21642054526156784,0.26203400059716414,-0.06249635180997348,52.0,7.867858118402307,9.570931772670201,-0.07341028893203894,52.0,0.24141665860675265,0.28960319873525564,-0.08441307680063037,52.0,8.066551151141212,9.666106614800247,-0.00299722682939918,52.0,,,,,,,,
stack,2021,52,3,0.05439386167407929,0.6598639455782314,0.22791023842917252,0.054365640277992164,-0.000519103535667309,0.07692307692307693,-2.8221396087123318e-05,0.26587013156544603,0.4025640088057464,-0.027142434360564405,52.0,10.52294614801199,16.080071531237806,-0.05881896209326132,52.0,0.2715247347724764,0.39920357231619785,-0.019969371647588385,52.0,10.997254867813215,16.41018629155819,-0.17082978425186668,52.0,,,,,,,,
stack,2022,52,4,0.07190661554198924,0.546875,0.10866694662187383,0.07144603648100151,-0.0064465306078973494,0.07692307692307693,-0.0004605790609877314,0.2575858564367725,0.34532882432179596,-0.0913319549994196,52.0,10.245858462336681,14.02677223655582,-0.051029131718121956,52.0,0.27005373573794395,0.347809308566835,0.01810348385336158,52.0,10.393917866640056,13.434693464316364,0.09879423818531141,52.0,,,,,,,,
stack_isotonic,2018,52,2,0.037075466659371545,0.5,0.038461538461538464,0.03741518234107075,0.009079621170957175,0.07692307692307693,0.00033971568169920835,0.2434794880108368,0.3119534329959439,-0.012009483224879602,52.0,9.500723307410626,12.796244913931432,0.0076394660518802615,52.0,0.2488506431886918,0.30543218268347616,-0.005704000252764407,52.0,9.472877532157776,12.627262877810017,-0.07831753311705425,52.0,,,,,,,,
stack_isotonic,2019,52,3,0.054708448451359616,0.5,0.057692307692307696,0.05437099541332586,-0.006206489976290808,0.1346153846153846,-0.00033745303803375815,0.29635864240696297,0.4335074242230767,-0.04119155743544001,52.0,10.775275316943056,15.101457588506554,-0.07053536769944801,52.0,0.2735559577813913,0.41426205061481125,0.030822611742375994,52.0,10.066414529941133,15.015031968252947,-0.1845672853805238,52.0,,,,,,,,
stack_isotonic,2020,52,0,0.0017493385765299473,,,0.0034911366887519276,0.4989200559903224,0.038461538461538464,0.0017417981122219803,0.21642054526156784,0.26203400059716414,-0.06249635180997348,52.0,7.867858118402307,9.570931772670201,-0.07341028893203894,52.0,0.24141665860675265,0.28960319873525564,-0.08441307680063037,52.0,8.066551151141212,9.666106614800247,-0.00299722682939918,52.0,,,,,,,,
stack_isotonic,2021,52,3,0.054539411206077866,0.5,0.057692307692307696,0.054365640277992164,-0.0031963373777470494,0.07692307692307693,-0.00017377092808570221,0.26587013156544603,0.4025640088057464,-0.027142434360564405,52.0,10.52294614801199,16.080071531237806,-0.05881896209326132,52.0,0.2715247347724764,0.39920357231619785,-0.019969371647588385,52.0,10.997254867813215,16.41018629155819,-0.17082978425186668,52.0,,,,,,,,
stack_isotonic,2022,52,4,0.07382696668410953,0.5,0.07692307692307693,0.07144603648100151,-0.033324874553973816,0.07692307692307693,-0.00238093020310802,0.2575858564367725,0.34532882432179596,-0.0913319549994196,52.0,10.245858462336681,14.02677223655582,-0.051029131718121956,52.0,0.27005373573794395,0.347809308566835,0.01810348385336158,52.0,10.393917866640056,13.434693464316364,0.09879423818531141,52.0,,,,,,,,
trailing_mean,2018,52,2,0.038461538461538464,0.5,0.038461538461538464,0.03741518234107075,-0.027966083685742715,0.07692307692307693,-0.0010463561204677105,0.2983879589856199,0.36519338948722513,-0.3869182364344077,52.0,11.518754225954979,14.968331286989285,-0.3578480408763247,52.0,0.2757525144714385,0.3379071409538644,-0.23093558154819238,52.0,10.46802935236838,13.481875711868629,-0.22921785881498158,52.0,,,,,,,,
trailing_mean,2019,52,3,0.057692307692307696,0.5,0.057692307692307696,0.05437099541332586,-0.061086103973881034,0.1346153846153846,-0.0033213122789818375,0.30558085402105706,0.42880728444060895,-0.018736502242104214,52.0,10.788302116651632,14.78258389977344,-0.02580306020488443,52.0,0.2789671116777671,0.4210256200253834,-0.0010828470593566841,52.0,9.456843898570774,13.81300044055759,-0.002497419435783632,52.0,,,,,,,,
trailing_mean,2020,52,0,0.0,,,0.0034911366887519276,1.0,0.038461538461538464,0.0034911366887519276,0.2211877642141107,0.2698587143014271,-0.12689913720811052,52.0,7.945246956920157,9.955285791634896,-0.16135442030424163,52.0,0.22980605118631603,0.27925242911682185,-0.008281865701519564,52.0,7.971783138621228,9.750251028586234,-0.020535612756987565,52.0,,,,,,,,
trailing_mean,2021,52,3,0.057692307692307696,0.5,0.057692307692307696,0.054365640277992164,-0.061190623292672,0.07692307692307693,-0.0033266674143155317,0.2636564420192023,0.40413515301073344,-0.03517563171829652,52.0,9.837927274252392,15.795429602565388,-0.021665297822502705,52.0,0.2685910596095962,0.3953705996098404,-0.00047683032955148086,52.0,9.7490123886156,15.166368481178832,-6.89554347961252e-05,52.0,,,,,,,,
trailing_mean,2022,52,4,0.07692307692307693,0.5,0.07692307692307693,0.07144603648100151,-0.07665982203969901,0.07692307692307693,-0.00547704044207542,0.24272933271841637,0.3320018843336435,-0.00872389564194087,52.0,9.290563029323266,13.81825489912364,-0.020012896630483556,52.0,0.26549438622662,0.35295499494414284,-0.011164890495123592,52.0,9.81013860481918,14.158286850155656,-0.0008980664342568279,52.0,,,,,,,,
xgboost,2018,52,2,0.03705908001552523,0.6799999999999999,0.09401709401709402,0.03741518234107075,0.009517588937542842,0.07692307692307693,0.00035610232554552507,0.2502120331097515,0.3206464770096506,-0.0691976332476838,52.0,9.459585756556292,13.037662006263183,-0.030157984028723384,52.0,0.2716850321105505,0.3328002842732888,-0.19400999774446892,52.0,10.322099904193399,13.408273258403833,-0.21583300221545176,52.0,,,,,,,,
xgboost,2019,52,3,0.05476994019608662,0.5918367346938775,0.1164021164021164,0.05437099541332586,-0.007337455930832348,0.1346153846153846,-0.00039894478276076423,0.3040231319539752,0.4391343273380269,-0.06839619749676995,52.0,10.555747869331324,15.099507942840232,-0.07025896657746511,52.0,0.27238612291921294,0.4030088749949557,0.0827616755985926,52.0,9.20783736435061,13.15304919580256,0.09100791630963001,52.0,,,,,,,,
xgboost,2020,52,0,0.0037669362679226036,,,0.0034911366887519276,-0.07899993720076126,0.038461538461538464,-0.000275799579170676,0.23287427787495926,0.2888869046422482,-0.2914210577288663,52.0,7.974784506381424,9.868835558269957,-0.1412719362595507,52.0,0.23131228448875524,0.2867322483601026,-0.06301922149183903,52.0,8.019193276593963,9.741466888275216,-0.01869761087314714,52.0,,,,,,,,
xgboost,2021,52,3,0.056031760281659584,0.4149659863945578,0.08096128042936554,0.054365640277992164,-0.030646562702985047,0.07692307692307693,-0.0016661200036674206,0.26085951595846585,0.40223267714726024,-0.025452344108579883,52.0,9.716847221278261,15.882034334487349,-0.03289938486607902,52.0,0.24990549664113207,0.39002325664602605,0.026402833434448048,52.0,9.059550244754417,15.014389370762084,0.01987359863435778,52.0,,,,,,,,
xgboost,2022,52,4,0.07442888416507266,0.4166666666666667,0.08249999999999999,0.07144603648100151,-0.04174965933714647,0.07692307692307693,-0.0029828476840711576,0.24861331912387913,0.34347115013012514,-0.07962203625222908,52.0,9.853834373797685,14.337273444324067,-0.09807600151282814,52.0,0.254213071196492,0.33412749333036695,0.09383404360595227,52.0,9.00038350576624,13.003640256623466,0.1556970068227087,52.0,,,,,,,,
xgboost_isotonic,2018,52,2,0.0361181557466321,0.71,0.07692307692307693,0.03741518234107075,0.034665783066755274,0.07692307692307693,0.0012970265944386508,0.2502120331097515,0.3206464770096506,-0.0691976332476838,52.0,9.459585756556292,13.037662006263183,-0.030157984028723384,52.0,0.2716850321105505,0.3328002842732888,-0.19400999774446892,52.0,10.322099904193399,13.408273258403833,-0.21583300221545176,52.0,,,,,,,,
xgboost_isotonic,2019,52,3,0.05560496965255525,0.5272108843537414,0.07010796221322538,0.05437099541332586,-0.022695450577072895,0.1346153846153846,-0.001233974239229392,0.3040231319539752,0.4391343273380269,-0.06839619749676995,52.0,10.555747869331324,15.099507942840232,-0.07025896657746511,52.0,0.27238612291921294,0.4030088749949557,0.0827616755985926,52.0,9.20783736435061,13.15304919580256,0.09100791630963001,52.0,,,,,,,,
xgboost_isotonic,2020,52,0,0.001502345885278641,,,0.0034911366887519276,0.569668558060462,0.038461538461538464,0.001988790803473287,0.23287427787495926,0.2888869046422482,-0.2914210577288663,52.0,7.974784506381424,9.868835558269957,-0.1412719362595507,52.0,0.23131228448875524,0.2867322483601026,-0.06301922149183903,52.0,8.019193276593963,9.741466888275216,-0.01869761087314714,52.0,,,,,,,,
xgboost_isotonic,2021,52,3,0.05577450488619208,0.41496598639455784,0.05341880341880342,0.054365640277992164,-0.025914614469651376,0.07692307692307693,-0.0014088646081999168,0.26085951595846585,0.40223267714726024,-0.025452344108579883,52.0,9.716847221278261,15.882034334487349,-0.03289938486607902,52.0,0.24990549664113207,0.39002325664602605,0.026402833434448048,52.0,9.059550244754417,15.014389370762084,0.01987359863435778,52.0,,,,,,,,
xgboost_isotonic,2022,52,4,0.07310377793106158,0.40364583333333337,0.07548076923076923,0.07144603648100151,-0.02320270698992366,0.07692307692307693,-0.0016577414500600768,0.24861331912387913,0.34347115013012514,-0.07962203625222908,52.0,9.853834373797685,14.337273444324067,-0.09807600151282814,52.0,0.254213071196492,0.33412749333036695,0.09383404360595227,52.0,9.00038350576624,13.003640256623466,0.1556970068227087,52.0,,,,,,,,
