checked_at,source,url,status,licence,upstream_sha256,sha256,rows,years,wb_districts,path,original_release_timestamp,note,error,seconds,http_status,bytes
2026-10-03T07:56:21.373598+00:00,APY verified local snapshot,https://indiadataportal.com/,REUSED_SNAPSHOT,Original ministry data: GODL-India; IDP snapshot redistribution terms require verification,fe10fbf129b3501bbb3d282c7600402a8ed7248c116f2cc9428bc2b573d1d4a9,8c22d64242bae00115a5be94f0d0a450c146c7fc0f64d48392d2ff01b7aff704,16089.0,"['1997-1998', '1998-1999', '1999-2000', '2000-2001', '2001-2002', '2002-2003', '2003-2004', '2004-2005', '2005-2006', '2006-2007', '2007-2008', '2008-2009', '2009-2010', '2010-2011', '2011-2012', '2012-2013', '2013-2014', '2014-2015', '2015-2016', '2016-2017', '2017-2018', '2018-2019', '2019-2020', '2020-2021', '2021-2022', '2022-2023']","['Alipurduar', 'Bankura', 'Birbhum', 'Cooch Behar', 'Dakshin Dinajpur', 'Darjeeling', 'Hooghly', 'Howrah', 'Jalpaiguri', 'Jhargram', 'Kalimpong', 'Malda', 'Murshidabad', 'Nadia', 'North 24 Parganas', 'Paschim Bardhaman', 'Paschim Medinipur', 'Purba Bardhaman', 'Purba Medinipur', 'Purulia', 'South 24 Parganas', 'Uttar Dinajpur']",data/raw/apy_wb.csv,not supplied,,,,,
2026-10-03T07:56:23.106449+00:00,Open-Meteo verified local snapshot,https://archive-api.open-meteo.com/v1/archive,REUSED_SNAPSHOT,CC BY 4.0; Open-Meteo / underlying ERA5 attribution,,c945fda9e07f26d205406de377a89e9d101f5dbea201575018f5cc156e0de77f,190656.0,"['1997-01-01', '2025-12-31']","['Bankura', 'Bardhaman', 'Birbhum', 'Cooch Behar', 'Dakshin Dinajpur', 'Darjeeling', 'Hooghly', 'Howrah', 'Jalpaiguri', 'Malda', 'Murshidabad', 'Nadia', 'North 24 Parganas', 'Paschim Medinipur', 'Purba Medinipur', 'Purulia', 'South 24 Parganas', 'Uttar Dinajpur']",data/raw/weather_existing.csv.gz,,"Original request omitted models=era5; log as archive best-match, not guaranteed exclusively ERA5.",,,,
2026-10-03T07:56:23.339254+00:00,APY IDP dataset,https://data.indiadataportal.com/dataset/crop-wise-area-production-yield,FAILED,IDP terms / GODL-India,,,,,,,,,"ConnectionError: HTTPSConnectionPool(host='data.indiadataportal.com', port=443): Max retries exceeded with url: /dataset/crop-wise-area-production-yield (Caused by NameResolutionError(""HTTPSConnection(host='data.indiadataportal.com', port=443): Failed to resolve 'data.indiadataportal.com' ([Errno -2] Name or service not known)""))",0.223,,
2026-10-03T07:56:23.598829+00:00,IDP documentation,https://docs.indiadataportal.com/,PORTAL_ONLY,IDP terms,,fdb6ba600c3e17aa53a3fcaf15fadd822bccaac4a638bd024fadf604f9a9fb57,,,,data/raw/idp_docs.html,,,,0.481,200.0,54577.0
2026-10-03T07:56:24.492424+00:00,ONI,https://www.cpc.ncep.noaa.gov/data/indices/oni.ascii.txt,FETCHED,US NOAA public domain,,93f8c86c7a660f46318abe33b38c0479d184812d95a479a1fe869c0c2363a9e4,,,,data/raw/oni.txt,,,,1.372,200.0,23000.0
2026-10-03T07:56:24.603633+00:00,DMI,https://psl.noaa.gov/gcos_wgsp/Timeseries/Data/dmi.had.long.data,FETCHED,NOAA distribution; underlying HadISST attribution,,42c1000e221addacac4451b8b9ddfbc5ee732b99ee69b0be5105e69ebe881e05,,,,data/raw/dmi.txt,,,,1.263,200.0,19861.0
2026-10-03T07:56:24.715319+00:00,CEDA Agri-Market,https://agmarknet.ceda.ashoka.edu.in/,PORTAL_ONLY,CEDA source-specific terms; not verified,,ade8ec3773ae260e6ada26813a5d30b5daffa7ac97b20386d995e323fc4b0375,,,,data/raw/ceda.html,,,,0.222,200.0,47339.0
2026-10-03T07:56:24.880762+00:00,CGWB,https://cgwb.gov.in/en/ground-water-level-monitoring,FAILED,Government data; export licence not verified,,,,,,,,,"SSLError: HTTPSConnectionPool(host='cgwb.gov.in', port=443): Max retries exceeded with url: /en/ground-water-level-monitoring (Caused by SSLError(SSLCertVerificationError(1, '[SSL: CERTIFICATE_VERIFY_FAILED] certificate verify failed: unable to get local issuer certificate (_ssl.c:1000)')))",0.164,,
2026-10-03T07:56:24.890936+00:00,IDP AGMARKNET,https://indiadataportal.com/p/agmarknet,PORTAL_ONLY,IDP terms / GODL-India,,b3ea21ef39eb5af3386cb89b61fd8a09f820c16c3b267e12976511c991cbf06c,,,,data/raw/idp_market.html,,,,0.285,200.0,22140.0
2026-10-03T07:56:25.066819+00:00,Census PCA,https://censusindia.gov.in/nada/index.php/catalog/40699,FAILED,Census India; licence to be verified,,,,,,,,,"SSLError: HTTPSConnectionPool(host='censusindia.gov.in', port=443): Max retries exceeded with url: /nada/index.php/catalog/40699 (Caused by SSLError(SSLCertVerificationError(1, '[SSL: CERTIFICATE_VERIFY_FAILED] certificate verify failed: unable to get local issuer certificate (_ssl.c:1000)')))",0.175,,
2026-10-03T07:56:31.128392+00:00,India-WRIS,https://indiawris.gov.in/wris/,PORTAL_ONLY,Government data; export licence not verified,,c72b1b2db00eb49779b02398a3f3f1c5b64088b5474e379345629e3e273c0c56,,,,data/raw/wris.html,,,,6.246,200.0,8834.0
2026-10-03T07:56:31.336632+00:00,MGNREGA,https://nrega.nic.in/,PORTAL_ONLY,Government data; export licence not verified,,0bb659b4a1d6ce4024d65f4cf92b9d072a46db808f7f1c2c0125299cd29c0460,,,,data/raw/mgnrega.html,,,,6.269,200.0,453.0
2026-10-03T07:56:31.853977+00:00,MODIS AppEEARS,https://appeears.earthdatacloud.nasa.gov/api/product,FETCHED,NASA LP DAAC free data; Earthdata login required for extraction,,e4e591edd4b7fc7d833dd5d4c076f2efce9da7934454d206c287ce856a51da86,,,,data/raw/appeears.json,,,,0.724,200.0,107875.0
2026-10-03T07:56:32.175425+00:00,Rice calendar,https://riceknowledgebank.irri.org/step-by-step-production/pre-planting/crop-calendar,FAILED,"IRRI reference, not training data",,,,,,,,,"ConnectionError: HTTPSConnectionPool(host='riceknowledgebank.irri.org', port=443): Max retries exceeded with url: /step-by-step-production/pre-planting/crop-calendar (Caused by NameResolutionError(""HTTPSConnection(host='riceknowledgebank.irri.org', port=443): Failed to resolve 'riceknowledgebank.irri.org' ([Errno -2] Name or service not known)""))",0.32,,
2026-10-03T07:56:32.460211+00:00,WFP India metadata,https://data.humdata.org/api/3/action/package_show?id=wfp-food-prices-for-india,FETCHED,WFP/HDX CC BY IGO; cross-check only,,fddc591aea2445bbd581100ad9d3717e1c1ed59ffab62051d93505b13202956b,,,,data/raw/wfp_metadata.json,,,,1.122,200.0,32806.0
2026-10-03T07:56:33.250233+00:00,APY ministry calendar,https://data.desagri.gov.in/website/crops-apy-report-web,FAILED,Government of India,,,,,,,,,"ConnectTimeout: HTTPSConnectionPool(host='data.desagri.gov.in', port=443): Max retries exceeded with url: /website/crops-apy-report-web (Caused by ConnectTimeoutError(<HTTPSConnection(host='data.desagri.gov.in', port=443) at 0x7a9c11f59e50>, 'Connection to data.desagri.gov.in timed out. (connect timeout=10)'))",10.134,,
2026-10-03T07:56:46.785843+00:00,IBTrACS NI,https://www.ncei.noaa.gov/data/international-best-track-archive-for-climate-stewardship-ibtracs/v04r01/access/csv/ibtracs.NI.list.v04r01.csv,FETCHED,NOAA public domain; cite IBTrACS v4r01,,9f9734cf416f393649bd2a3ddeee82545470fe4d8c58b4a4a9aa1824818e9c6a,,,,data/raw/ibtracs.csv,,,,23.186,200.0,27886424.0
2026-10-03T07:56:49.523611+00:00,Census Kaggle mirror,https://storage.googleapis.com:443/kaggle-data-sets/14903/19895/bundle/archive.zip?X-Goog-Algorithm=GOOG4-RSA-SHA256&X-Goog-Credential=gcp-kaggle-com%40kaggle-161607.iam.gserviceaccount.com%2F20261003%2Fauto%2Fstorage%2Fgoog4_request&X-Goog-Date=20261003T075647Z&X-Goog-Expires=259200&X-Goog-SignedHeaders=host&X-Goog-Signature=70d70f6bd9077434ea9f46c873dbf7626aede0cb80a9ee727e282a0bc992dea4d21a0a8385660257751c80d8828ac1a47526b3c23525fceaa7e2b7486380479353de2671f7935ef3e31555c2cacf5749bdcb2709ce5d81ac5eb8c300312b97a868ebaf1afbe87e65ea3912ae86692ab80d6db1f9bbdff45b3e538d6ea5c6859541787ae2e24acf11767a8b6173d0689a77444177d0751aa094a137ba321c4ed5c120b1e4551e799698b1bc6a3e30723b4d53169fcacebb8a7b05b7238e3f64fbd845e33f2c5f544c8afc54a079cb964d1a61564ac89c9cf77774dca4bd3dda836472c5c3d72cffad437bf2c9ecf4ba10328f3a44a17c0135059cec9f1bd69df0,FETCHED,Kaggle card licence must be checked; original Census India,,7f187e6e67cc713cf991a81a1bf290d0a38fd1e24a569a4d6fe17d1809f1dc6c,,,,data/raw/census.zip,,,,2.736,200.0,623812.0
2026-10-03T07:57:53.166452+00:00,WFP India retail prices,https://s3.us-east-1.amazonaws.com/hdx-production-filestore/resources/3b1ff071-6b01-4998-aa62-2f3efb5d4888/wfp_food_prices_ind.csv?AWSAccessKeyId=ASIAXYC32WNAS26JWCTO&Signature=wWxA5BimKwZbkU73zY1fnJVErMM%3D&x-amz-security-token=FwoGZXIvYXdzEPH%2F%2F%2F%2F%2F%2F%2F%2F%2F%2FwEaDKCVnvbVAr%2BPbrtDhSLBAZ1Gm5ZywVfuA2OsEVxdC89GytJx1U%2Fm2duT05hhfprHa8VzW730wjYw2gdUjSln5vGmivbwYw6jf2jklL6H9581DSD3K4WiQ508bIv87cDR0rb3fg246gHHAN3BGqIPIm8QoYgYEnmlZayHm3xZtALWcA4ZbWCn54BTjeGO12jFZ37M4KWspvEYBDbbRk8WB%2B7lryei93KhQ7TfUM8UmdVM%2FU%2BtBC70pQb7VhxSTGtPxDyxLZDeor3uZls6b%2FuCtSQoiNOC1gYyLYdd%2BmeAUnGKXvEsY42rgvNemJRmktKeHFvudvFmcrqlaA4zQBfOmoLuHZTdhQ%3D%3D&Expires=1791014390,FETCHED,Creative Commons Attribution for Intergovernmental Organisations (CC BY-IGO),,df253166918129fcc773baed33487234bb0a178b4b4758901db4f58368f76a9e,,,,data/raw/wfp.csv,,,,63.625,200.0,25735572.0
2026-10-03T07:57:53.167639+00:00,MODIS NDVI/EVI extraction,,SKIPPED,,,,,,,,,,No Earthdata login/token supplied; product catalogue is not district NDVI/EVI data.,,,
2026-10-03T07:57:53.168550+00:00,CEDA/AGMARKNET export,,BLOCKED,,,,,,,,,,No authenticated or documented downloadable district-period export discovered; no HTML used as training data.,,,
2026-10-03T07:57:53.169286+00:00,CGWB district export,,BLOCKED,,,,,,,,,,No authenticated or documented downloadable district-period export discovered; no HTML used as training data.,,,
2026-10-03T07:57:53.169904+00:00,MGNREGA district-month export,,BLOCKED,,,,,,,,,,No authenticated or documented downloadable district-period export discovered; no HTML used as training data.,,,
2026-10-03T07:57:54.482013+00:00,NASA POWER cross-check,https://power.larc.nasa.gov/api/temporal/daily/point?parameters=PRECTOTCORR%2CT2M_MAX%2CT2M_MIN&community=AG&longitude=88.55190737873234&latitude=22.056788955506644&start=20200101&end=20201231&format=JSON,FETCHED,"NASA open data, attribution requested",,d8a9ff55ca620ed35ef83a743620ed0f8ffb4328b737d257a9b47e91b95bd51d,,,,data/raw/power.json,,,,1.309,200.0,18833.0
2026-10-03T07:57:55.218432+00:00,Open-Meteo ERA5 Bankura,https://archive-api.open-meteo.com/v1/archive?latitude=23.1392&longitude=87.1363&start_date=1997-01-01&end_date=2025-12-31&daily=precipitation_sum%2Ctemperature_2m_max%2Ctemperature_2m_min%2Cet0_fao_evapotranspiration&timezone=Asia%2FKolkata&models=era5,FETCHED,CC BY 4.0,,b098d5fbdf991db508703bf5b903b73dc3a1ef673afc44d0994f04b210e9eb69,,,,data/raw/weather/Bankura.json,,,,2.042,200.0,351096.0
2026-10-03T07:57:57.898318+00:00,Open-Meteo ERA5 Bardhaman,https://archive-api.open-meteo.com/v1/archive?latitude=23.4285&longitude=87.7663&start_date=1997-01-01&end_date=2025-12-31&daily=precipitation_sum%2Ctemperature_2m_max%2Ctemperature_2m_min%2Cet0_fao_evapotranspiration&timezone=Asia%2FKolkata&models=era5,FETCHED,CC BY 4.0,,ed18fe415d04d0efd30012da5c1a8b5b951e6960764176ec24339c5054b7b496,,,,data/raw/weather/Bardhaman.json,,,,2.377,200.0,351188.0
2026-10-03T07:58:00.825917+00:00,Open-Meteo ERA5 Birbhum,https://archive-api.open-meteo.com/v1/archive?latitude=23.9544&longitude=87.6633&start_date=1997-01-01&end_date=2025-12-31&daily=precipitation_sum%2Ctemperature_2m_max%2Ctemperature_2m_min%2Cet0_fao_evapotranspiration&timezone=Asia%2FKolkata&models=era5,FAILED,CC BY 4.0,,,,,,,,,HTTPError: 429 Client Error: Too Many Requests for url: https://archive-api.open-meteo.com/v1/archive?latitude=23.9544&longitude=87.6633&start_date=1997-01-01&end_date=2025-12-31&daily=precipitation_sum%2Ctemperature_2m_max%2Ctemperature_2m_min%2Cet0_fao_evapotranspiration&timezone=Asia%2FKolkata&models=era5,2.625,,
2026-10-03T07:58:02.986269+00:00,Open-Meteo ERA5 Cooch Behar,https://archive-api.open-meteo.com/v1/archive?latitude=26.2926&longitude=89.3478&start_date=1997-01-01&end_date=2025-12-31&daily=precipitation_sum%2Ctemperature_2m_max%2Ctemperature_2m_min%2Cet0_fao_evapotranspiration&timezone=Asia%2FKolkata&models=era5,FETCHED,CC BY 4.0,,dde2eff4c75a8ad4ec673ec98daf6e03676007b3c516d5dcf15cb182f33a4bde,,,,data/raw/weather/Cooch_Behar.json,,,,1.858,200.0,352997.0
2026-10-03T07:58:05.061436+00:00,Open-Meteo ERA5 Dakshin Dinajpur,https://archive-api.open-meteo.com/v1/archive?latitude=25.3672&longitude=88.5755&start_date=1997-01-01&end_date=2025-12-31&daily=precipitation_sum%2Ctemperature_2m_max%2Ctemperature_2m_min%2Cet0_fao_evapotranspiration&timezone=Asia%2FKolkata&models=era5,FETCHED,CC BY 4.0,,c6dc5c92d55f8efbc0d8e559b7b4149f8b68ac0626192288c45f9f8d7a089ead,,,,data/raw/weather/Dakshin_Dinajpur.json,,,,1.773,200.0,351481.0
2026-10-03T07:58:06.036718+00:00,Open-Meteo ERA5 Darjeeling,https://archive-api.open-meteo.com/v1/archive?latitude=26.9146&longitude=88.3904&start_date=1997-01-01&end_date=2025-12-31&daily=precipitation_sum%2Ctemperature_2m_max%2Ctemperature_2m_min%2Cet0_fao_evapotranspiration&timezone=Asia%2FKolkata&models=era5,FAILED,CC BY 4.0,,,,,,,,,HTTPError: 429 Client Error: Too Many Requests for url: https://archive-api.open-meteo.com/v1/archive?latitude=26.9146&longitude=88.3904&start_date=1997-01-01&end_date=2025-12-31&daily=precipitation_sum%2Ctemperature_2m_max%2Ctemperature_2m_min%2Cet0_fao_evapotranspiration&timezone=Asia%2FKolkata&models=era5,0.673,,
2026-10-03T07:58:07.013913+00:00,Open-Meteo ERA5 Hooghly,https://archive-api.open-meteo.com/v1/archive?latitude=22.8849&longitude=88.0762&start_date=1997-01-01&end_date=2025-12-31&daily=precipitation_sum%2Ctemperature_2m_max%2Ctemperature_2m_min%2Cet0_fao_evapotranspiration&timezone=Asia%2FKolkata&models=era5,FAILED,CC BY 4.0,,,,,,,,,HTTPError: 429 Client Error: Too Many Requests for url: https://archive-api.open-meteo.com/v1/archive?latitude=22.8849&longitude=88.0762&start_date=1997-01-01&end_date=2025-12-31&daily=precipitation_sum%2Ctemperature_2m_max%2Ctemperature_2m_min%2Cet0_fao_evapotranspiration&timezone=Asia%2FKolkata&models=era5,0.675,,
2026-10-03T07:58:08.013560+00:00,Open-Meteo ERA5 Howrah,https://archive-api.open-meteo.com/v1/archive?latitude=22.5215&longitude=88.0634&start_date=1997-01-01&end_date=2025-12-31&daily=precipitation_sum%2Ctemperature_2m_max%2Ctemperature_2m_min%2Cet0_fao_evapotranspiration&timezone=Asia%2FKolkata&models=era5,FAILED,CC BY 4.0,,,,,,,,,HTTPError: 429 Client Error: Too Many Requests for url: https://archive-api.open-meteo.com/v1/archive?latitude=22.5215&longitude=88.0634&start_date=1997-01-01&end_date=2025-12-31&daily=precipitation_sum%2Ctemperature_2m_max%2Ctemperature_2m_min%2Cet0_fao_evapotranspiration&timezone=Asia%2FKolkata&models=era5,0.697,,
2026-10-03T07:58:08.993010+00:00,Open-Meteo ERA5 Jalpaiguri,https://archive-api.open-meteo.com/v1/archive?latitude=26.6602&longitude=89.0779&start_date=1997-01-01&end_date=2025-12-31&daily=precipitation_sum%2Ctemperature_2m_max%2Ctemperature_2m_min%2Cet0_fao_evapotranspiration&timezone=Asia%2FKolkata&models=era5,FAILED,CC BY 4.0,,,,,,,,,HTTPError: 429 Client Error: Too Many Requests for url: https://archive-api.open-meteo.com/v1/archive?latitude=26.6602&longitude=89.0779&start_date=1997-01-01&end_date=2025-12-31&daily=precipitation_sum%2Ctemperature_2m_max%2Ctemperature_2m_min%2Cet0_fao_evapotranspiration&timezone=Asia%2FKolkata&models=era5,0.677,,
2026-10-03T07:58:09.972821+00:00,Open-Meteo ERA5 Malda,https://archive-api.open-meteo.com/v1/archive?latitude=25.1375&longitude=88.0889&start_date=1997-01-01&end_date=2025-12-31&daily=precipitation_sum%2Ctemperature_2m_max%2Ctemperature_2m_min%2Cet0_fao_evapotranspiration&timezone=Asia%2FKolkata&models=era5,FAILED,CC BY 4.0,,,,,,,,,HTTPError: 429 Client Error: Too Many Requests for url: https://archive-api.open-meteo.com/v1/archive?latitude=25.1375&longitude=88.0889&start_date=1997-01-01&end_date=2025-12-31&daily=precipitation_sum%2Ctemperature_2m_max%2Ctemperature_2m_min%2Cet0_fao_evapotranspiration&timezone=Asia%2FKolkata&models=era5,0.677,,
2026-10-03T07:58:11.383254+00:00,Open-Meteo ERA5 Murshidabad,https://archive-api.open-meteo.com/v1/archive?latitude=24.1628&longitude=88.2306&start_date=1997-01-01&end_date=2025-12-31&daily=precipitation_sum%2Ctemperature_2m_max%2Ctemperature_2m_min%2Cet0_fao_evapotranspiration&timezone=Asia%2FKolkata&models=era5,FAILED,CC BY 4.0,,,,,,,,,HTTPError: 429 Client Error: Too Many Requests for url: https://archive-api.open-meteo.com/v1/archive?latitude=24.1628&longitude=88.2306&start_date=1997-01-01&end_date=2025-12-31&daily=precipitation_sum%2Ctemperature_2m_max%2Ctemperature_2m_min%2Cet0_fao_evapotranspiration&timezone=Asia%2FKolkata&models=era5,1.107,,
2026-10-03T07:58:12.652611+00:00,Open-Meteo ERA5 Nadia,https://archive-api.open-meteo.com/v1/archive?latitude=23.4798&longitude=88.5167&start_date=1997-01-01&end_date=2025-12-31&daily=precipitation_sum%2Ctemperature_2m_max%2Ctemperature_2m_min%2Cet0_fao_evapotranspiration&timezone=Asia%2FKolkata&models=era5,FAILED,CC BY 4.0,,,,,,,,,HTTPError: 429 Client Error: Too Many Requests for url: https://archive-api.open-meteo.com/v1/archive?latitude=23.4798&longitude=88.5167&start_date=1997-01-01&end_date=2025-12-31&daily=precipitation_sum%2Ctemperature_2m_max%2Ctemperature_2m_min%2Cet0_fao_evapotranspiration&timezone=Asia%2FKolkata&models=era5,0.967,,
2026-10-03T07:58:12.942539+00:00,CHIRPS rainfall cross-check,https://data.chc.ucsb.edu/products/CHIRPS-2.0/global_monthly/tifs/chirps-v2.0.2020.06.tif.gz,FETCHED,CHC: public domain / attribution requested,,7a97b6b327c6b43e1e798496b4a38a3ae7d0e7fd0a1dec0171e9b44221a19171,,,,data/raw/chirps_2020_06.tif.gz,,,,18.445,200.0,14630014.0
2026-10-03T07:58:14.162388+00:00,Open-Meteo ERA5 North 24 Parganas,https://archive-api.open-meteo.com/v1/archive?latitude=22.7271&longitude=88.7301&start_date=1997-01-01&end_date=2025-12-31&daily=precipitation_sum%2Ctemperature_2m_max%2Ctemperature_2m_min%2Cet0_fao_evapotranspiration&timezone=Asia%2FKolkata&models=era5,FAILED,CC BY 4.0,,,,,,,,,HTTPError: 429 Client Error: Too Many Requests for url: https://archive-api.open-meteo.com/v1/archive?latitude=22.7271&longitude=88.7301&start_date=1997-01-01&end_date=2025-12-31&daily=precipitation_sum%2Ctemperature_2m_max%2Ctemperature_2m_min%2Cet0_fao_evapotranspiration&timezone=Asia%2FKolkata&models=era5,1.196,,
2026-10-03T07:58:15.412596+00:00,Open-Meteo ERA5 Paschim Medinipur,https://archive-api.open-meteo.com/v1/archive?latitude=22.4141&longitude=87.2646&start_date=1997-01-01&end_date=2025-12-31&daily=precipitation_sum%2Ctemperature_2m_max%2Ctemperature_2m_min%2Cet0_fao_evapotranspiration&timezone=Asia%2FKolkata&models=era5,FAILED,CC BY 4.0,,,,,,,,,HTTPError: 429 Client Error: Too Many Requests for url: https://archive-api.open-meteo.com/v1/archive?latitude=22.4141&longitude=87.2646&start_date=1997-01-01&end_date=2025-12-31&daily=precipitation_sum%2Ctemperature_2m_max%2Ctemperature_2m_min%2Cet0_fao_evapotranspiration&timezone=Asia%2FKolkata&models=era5,0.948,,
2026-10-03T07:58:16.444689+00:00,Open-Meteo ERA5 Purba Medinipur,https://archive-api.open-meteo.com/v1/archive?latitude=22.0316&longitude=87.7729&start_date=1997-01-01&end_date=2025-12-31&daily=precipitation_sum%2Ctemperature_2m_max%2Ctemperature_2m_min%2Cet0_fao_evapotranspiration&timezone=Asia%2FKolkata&models=era5,FAILED,CC BY 4.0,,,,,,,,,HTTPError: 429 Client Error: Too Many Requests for url: https://archive-api.open-meteo.com/v1/archive?latitude=22.0316&longitude=87.7729&start_date=1997-01-01&end_date=2025-12-31&daily=precipitation_sum%2Ctemperature_2m_max%2Ctemperature_2m_min%2Cet0_fao_evapotranspiration&timezone=Asia%2FKolkata&models=era5,0.729,,
2026-10-03T07:58:17.426368+00:00,Open-Meteo ERA5 Purulia,https://archive-api.open-meteo.com/v1/archive?latitude=23.2767&longitude=86.4215&start_date=1997-01-01&end_date=2025-12-31&daily=precipitation_sum%2Ctemperature_2m_max%2Ctemperature_2m_min%2Cet0_fao_evapotranspiration&timezone=Asia%2FKolkata&models=era5,FAILED,CC BY 4.0,,,,,,,,,HTTPError: 429 Client Error: Too Many Requests for url: https://archive-api.open-meteo.com/v1/archive?latitude=23.2767&longitude=86.4215&start_date=1997-01-01&end_date=2025-12-31&daily=precipitation_sum%2Ctemperature_2m_max%2Ctemperature_2m_min%2Cet0_fao_evapotranspiration&timezone=Asia%2FKolkata&models=era5,0.678,,
2026-10-03T07:58:18.459468+00:00,Open-Meteo ERA5 South 24 Parganas,https://archive-api.open-meteo.com/v1/archive?latitude=22.0568&longitude=88.5519&start_date=1997-01-01&end_date=2025-12-31&daily=precipitation_sum%2Ctemperature_2m_max%2Ctemperature_2m_min%2Cet0_fao_evapotranspiration&timezone=Asia%2FKolkata&models=era5,FAILED,CC BY 4.0,,,,,,,,,HTTPError: 429 Client Error: Too Many Requests for url: https://archive-api.open-meteo.com/v1/archive?latitude=22.0568&longitude=88.5519&start_date=1997-01-01&end_date=2025-12-31&daily=precipitation_sum%2Ctemperature_2m_max%2Ctemperature_2m_min%2Cet0_fao_evapotranspiration&timezone=Asia%2FKolkata&models=era5,0.73,,
2026-10-03T07:58:19.424761+00:00,Open-Meteo ERA5 Uttar Dinajpur,https://archive-api.open-meteo.com/v1/archive?latitude=25.8902&longitude=88.1573&start_date=1997-01-01&end_date=2025-12-31&daily=precipitation_sum%2Ctemperature_2m_max%2Ctemperature_2m_min%2Cet0_fao_evapotranspiration&timezone=Asia%2FKolkata&models=era5,FAILED,CC BY 4.0,,,,,,,,,HTTPError: 429 Client Error: Too Many Requests for url: https://archive-api.open-meteo.com/v1/archive?latitude=25.8902&longitude=88.1573&start_date=1997-01-01&end_date=2025-12-31&daily=precipitation_sum%2Ctemperature_2m_max%2Ctemperature_2m_min%2Cet0_fao_evapotranspiration&timezone=Asia%2FKolkata&models=era5,0.663,,
2026-10-03T07:58:20.431686+00:00,ERA5-Land soil Bankura,https://archive-api.open-meteo.com/v1/archive?latitude=23.1392&longitude=87.1363&start_date=1997-01-01&end_date=2025-12-31&daily=soil_moisture_0_to_7cm_mean&timezone=Asia%2FKolkata&models=era5_land,FAILED,CC BY 4.0,,,,,,,,,HTTPError: 429 Client Error: Too Many Requests for url: https://archive-api.open-meteo.com/v1/archive?latitude=23.1392&longitude=87.1363&start_date=1997-01-01&end_date=2025-12-31&daily=soil_moisture_0_to_7cm_mean&timezone=Asia%2FKolkata&models=era5_land,0.702,,
2026-10-03T07:58:21.403056+00:00,ERA5-Land soil Bardhaman,https://archive-api.open-meteo.com/v1/archive?latitude=23.4285&longitude=87.7663&start_date=1997-01-01&end_date=2025-12-31&daily=soil_moisture_0_to_7cm_mean&timezone=Asia%2FKolkata&models=era5_land,FAILED,CC BY 4.0,,,,,,,,,HTTPError: 429 Client Error: Too Many Requests for url: https://archive-api.open-meteo.com/v1/archive?latitude=23.4285&longitude=87.7663&start_date=1997-01-01&end_date=2025-12-31&daily=soil_moisture_0_to_7cm_mean&timezone=Asia%2FKolkata&models=era5_land,0.668,,
2026-10-03T07:58:22.405596+00:00,ERA5-Land soil Birbhum,https://archive-api.open-meteo.com/v1/archive?latitude=23.9544&longitude=87.6633&start_date=1997-01-01&end_date=2025-12-31&daily=soil_moisture_0_to_7cm_mean&timezone=Asia%2FKolkata&models=era5_land,FAILED,CC BY 4.0,,,,,,,,,HTTPError: 429 Client Error: Too Many Requests for url: https://archive-api.open-meteo.com/v1/archive?latitude=23.9544&longitude=87.6633&start_date=1997-01-01&end_date=2025-12-31&daily=soil_moisture_0_to_7cm_mean&timezone=Asia%2FKolkata&models=era5_land,0.7,,
2026-10-03T07:58:23.393629+00:00,ERA5-Land soil Cooch Behar,https://archive-api.open-meteo.com/v1/archive?latitude=26.2926&longitude=89.3478&start_date=1997-01-01&end_date=2025-12-31&daily=soil_moisture_0_to_7cm_mean&timezone=Asia%2FKolkata&models=era5_land,FAILED,CC BY 4.0,,,,,,,,,HTTPError: 429 Client Error: Too Many Requests for url: https://archive-api.open-meteo.com/v1/archive?latitude=26.2926&longitude=89.3478&start_date=1997-01-01&end_date=2025-12-31&daily=soil_moisture_0_to_7cm_mean&timezone=Asia%2FKolkata&models=era5_land,0.685,,
2026-10-03T07:58:24.395500+00:00,ERA5-Land soil Dakshin Dinajpur,https://archive-api.open-meteo.com/v1/archive?latitude=25.3672&longitude=88.5755&start_date=1997-01-01&end_date=2025-12-31&daily=soil_moisture_0_to_7cm_mean&timezone=Asia%2FKolkata&models=era5_land,FAILED,CC BY 4.0,,,,,,,,,HTTPError: 429 Client Error: Too Many Requests for url: https://archive-api.open-meteo.com/v1/archive?latitude=25.3672&longitude=88.5755&start_date=1997-01-01&end_date=2025-12-31&daily=soil_moisture_0_to_7cm_mean&timezone=Asia%2FKolkata&models=era5_land,0.699,,
2026-10-03T07:58:25.370861+00:00,ERA5-Land soil Darjeeling,https://archive-api.open-meteo.com/v1/archive?latitude=26.9146&longitude=88.3904&start_date=1997-01-01&end_date=2025-12-31&daily=soil_moisture_0_to_7cm_mean&timezone=Asia%2FKolkata&models=era5_land,FAILED,CC BY 4.0,,,,,,,,,HTTPError: 429 Client Error: Too Many Requests for url: https://archive-api.open-meteo.com/v1/archive?latitude=26.9146&longitude=88.3904&start_date=1997-01-01&end_date=2025-12-31&daily=soil_moisture_0_to_7cm_mean&timezone=Asia%2FKolkata&models=era5_land,0.672,,
2026-10-03T07:58:26.645018+00:00,ERA5-Land soil Hooghly,https://archive-api.open-meteo.com/v1/archive?latitude=22.8849&longitude=88.0762&start_date=1997-01-01&end_date=2025-12-31&daily=soil_moisture_0_to_7cm_mean&timezone=Asia%2FKolkata&models=era5_land,FAILED,CC BY 4.0,,,,,,,,,HTTPError: 429 Client Error: Too Many Requests for url: https://archive-api.open-meteo.com/v1/archive?latitude=22.8849&longitude=88.0762&start_date=1997-01-01&end_date=2025-12-31&daily=soil_moisture_0_to_7cm_mean&timezone=Asia%2FKolkata&models=era5_land,0.972,,
2026-10-03T07:58:27.925334+00:00,ERA5-Land soil Howrah,https://archive-api.open-meteo.com/v1/archive?latitude=22.5215&longitude=88.0634&start_date=1997-01-01&end_date=2025-12-31&daily=soil_moisture_0_to_7cm_mean&timezone=Asia%2FKolkata&models=era5_land,FAILED,CC BY 4.0,,,,,,,,,HTTPError: 429 Client Error: Too Many Requests for url: https://archive-api.open-meteo.com/v1/archive?latitude=22.5215&longitude=88.0634&start_date=1997-01-01&end_date=2025-12-31&daily=soil_moisture_0_to_7cm_mean&timezone=Asia%2FKolkata&models=era5_land,0.977,,
2026-10-03T07:58:29.419725+00:00,ERA5-Land soil Jalpaiguri,https://archive-api.open-meteo.com/v1/archive?latitude=26.6602&longitude=89.0779&start_date=1997-01-01&end_date=2025-12-31&daily=soil_moisture_0_to_7cm_mean&timezone=Asia%2FKolkata&models=era5_land,FAILED,CC BY 4.0,,,,,,,,,HTTPError: 429 Client Error: Too Many Requests for url: https://archive-api.open-meteo.com/v1/archive?latitude=26.6602&longitude=89.0779&start_date=1997-01-01&end_date=2025-12-31&daily=soil_moisture_0_to_7cm_mean&timezone=Asia%2FKolkata&models=era5_land,1.19,,
2026-10-03T07:58:30.585797+00:00,ERA5-Land soil Malda,https://archive-api.open-meteo.com/v1/archive?latitude=25.1375&longitude=88.0889&start_date=1997-01-01&end_date=2025-12-31&daily=soil_moisture_0_to_7cm_mean&timezone=Asia%2FKolkata&models=era5_land,FAILED,CC BY 4.0,,,,,,,,,HTTPError: 429 Client Error: Too Many Requests for url: https://archive-api.open-meteo.com/v1/archive?latitude=25.1375&longitude=88.0889&start_date=1997-01-01&end_date=2025-12-31&daily=soil_moisture_0_to_7cm_mean&timezone=Asia%2FKolkata&models=era5_land,0.863,,
2026-10-03T07:58:31.613644+00:00,ERA5-Land soil Murshidabad,https://archive-api.open-meteo.com/v1/archive?latitude=24.1628&longitude=88.2306&start_date=1997-01-01&end_date=2025-12-31&daily=soil_moisture_0_to_7cm_mean&timezone=Asia%2FKolkata&models=era5_land,FAILED,CC BY 4.0,,,,,,,,,HTTPError: 429 Client Error: Too Many Requests for url: https://archive-api.open-meteo.com/v1/archive?latitude=24.1628&longitude=88.2306&start_date=1997-01-01&end_date=2025-12-31&daily=soil_moisture_0_to_7cm_mean&timezone=Asia%2FKolkata&models=era5_land,0.724,,
2026-10-03T07:58:32.591977+00:00,ERA5-Land soil Nadia,https://archive-api.open-meteo.com/v1/archive?latitude=23.4798&longitude=88.5167&start_date=1997-01-01&end_date=2025-12-31&daily=soil_moisture_0_to_7cm_mean&timezone=Asia%2FKolkata&models=era5_land,FAILED,CC BY 4.0,,,,,,,,,HTTPError: 429 Client Error: Too Many Requests for url: https://archive-api.open-meteo.com/v1/archive?latitude=23.4798&longitude=88.5167&start_date=1997-01-01&end_date=2025-12-31&daily=soil_moisture_0_to_7cm_mean&timezone=Asia%2FKolkata&models=era5_land,0.675,,
2026-10-03T07:58:33.562566+00:00,ERA5-Land soil North 24 Parganas,https://archive-api.open-meteo.com/v1/archive?latitude=22.7271&longitude=88.7301&start_date=1997-01-01&end_date=2025-12-31&daily=soil_moisture_0_to_7cm_mean&timezone=Asia%2FKolkata&models=era5_land,FAILED,CC BY 4.0,,,,,,,,,HTTPError: 429 Client Error: Too Many Requests for url: https://archive-api.open-meteo.com/v1/archive?latitude=22.7271&longitude=88.7301&start_date=1997-01-01&end_date=2025-12-31&daily=soil_moisture_0_to_7cm_mean&timezone=Asia%2FKolkata&models=era5_land,0.668,,
2026-10-03T07:58:34.564671+00:00,ERA5-Land soil Paschim Medinipur,https://archive-api.open-meteo.com/v1/archive?latitude=22.4141&longitude=87.2646&start_date=1997-01-01&end_date=2025-12-31&daily=soil_moisture_0_to_7cm_mean&timezone=Asia%2FKolkata&models=era5_land,FAILED,CC BY 4.0,,,,,,,,,HTTPError: 429 Client Error: Too Many Requests for url: https://archive-api.open-meteo.com/v1/archive?latitude=22.4141&longitude=87.2646&start_date=1997-01-01&end_date=2025-12-31&daily=soil_moisture_0_to_7cm_mean&timezone=Asia%2FKolkata&models=era5_land,0.699,,
2026-10-03T07:58:35.562336+00:00,ERA5-Land soil Purba Medinipur,https://archive-api.open-meteo.com/v1/archive?latitude=22.0316&longitude=87.7729&start_date=1997-01-01&end_date=2025-12-31&daily=soil_moisture_0_to_7cm_mean&timezone=Asia%2FKolkata&models=era5_land,FAILED,CC BY 4.0,,,,,,,,,HTTPError: 429 Client Error: Too Many Requests for url: https://archive-api.open-meteo.com/v1/archive?latitude=22.0316&longitude=87.7729&start_date=1997-01-01&end_date=2025-12-31&daily=soil_moisture_0_to_7cm_mean&timezone=Asia%2FKolkata&models=era5_land,0.695,,
2026-10-03T07:58:36.531478+00:00,ERA5-Land soil Purulia,https://archive-api.open-meteo.com/v1/archive?latitude=23.2767&longitude=86.4215&start_date=1997-01-01&end_date=2025-12-31&daily=soil_moisture_0_to_7cm_mean&timezone=Asia%2FKolkata&models=era5_land,FAILED,CC BY 4.0,,,,,,,,,HTTPError: 429 Client Error: Too Many Requests for url: https://archive-api.open-meteo.com/v1/archive?latitude=23.2767&longitude=86.4215&start_date=1997-01-01&end_date=2025-12-31&daily=soil_moisture_0_to_7cm_mean&timezone=Asia%2FKolkata&models=era5_land,0.667,,
2026-10-03T07:58:37.541786+00:00,ERA5-Land soil South 24 Parganas,https://archive-api.open-meteo.com/v1/archive?latitude=22.0568&longitude=88.5519&start_date=1997-01-01&end_date=2025-12-31&daily=soil_moisture_0_to_7cm_mean&timezone=Asia%2FKolkata&models=era5_land,FAILED,CC BY 4.0,,,,,,,,,HTTPError: 429 Client Error: Too Many Requests for url: https://archive-api.open-meteo.com/v1/archive?latitude=22.0568&longitude=88.5519&start_date=1997-01-01&end_date=2025-12-31&daily=soil_moisture_0_to_7cm_mean&timezone=Asia%2FKolkata&models=era5_land,0.704,,
2026-10-03T07:58:38.531585+00:00,ERA5-Land soil Uttar Dinajpur,https://archive-api.open-meteo.com/v1/archive?latitude=25.8902&longitude=88.1573&start_date=1997-01-01&end_date=2025-12-31&daily=soil_moisture_0_to_7cm_mean&timezone=Asia%2FKolkata&models=era5_land,FAILED,CC BY 4.0,,,,,,,,,HTTPError: 429 Client Error: Too Many Requests for url: https://archive-api.open-meteo.com/v1/archive?latitude=25.8902&longitude=88.1573&start_date=1997-01-01&end_date=2025-12-31&daily=soil_moisture_0_to_7cm_mean&timezone=Asia%2FKolkata&models=era5_land,0.687,,
2026-10-03T08:06:57.663423+00:00,NASA POWER daily Bankura,https://power.larc.nasa.gov/api/temporal/daily/point?parameters=PRECTOTCORR%2CT2M_MAX%2CT2M_MIN&community=AG&longitude=87.13627330581487&latitude=23.139199216487327&start=19970101&end=20251231&format=JSON,FETCHED,NASA open data; MERRA-2 meteorology attribution,,0cb804c5f39c5aebfd3ba1430ce88c0a67f5555cc22eb670e644399c785f3d56,,,,data/raw/power/Bankura.json,,,,2.642,200.0,523826.0
2026-10-03T08:06:57.672765+00:00,NASA POWER daily Bardhaman,https://power.larc.nasa.gov/api/temporal/daily/point?parameters=PRECTOTCORR%2CT2M_MAX%2CT2M_MIN&community=AG&longitude=87.76630644478023&latitude=23.42853511978721&start=19970101&end=20251231&format=JSON,FETCHED,NASA open data; MERRA-2 meteorology attribution,,ec45d60b19542786f4b501c1ca2a0993b0295298c69a08c736f33ac246ca3749,,,,data/raw/power/Bardhaman.json,,,,2.651,200.0,523735.0
2026-10-03T08:06:59.973890+00:00,NASA POWER daily Cooch Behar,https://power.larc.nasa.gov/api/temporal/daily/point?parameters=PRECTOTCORR%2CT2M_MAX%2CT2M_MIN&community=AG&longitude=89.34781614341841&latitude=26.292614323373925&start=19970101&end=20251231&format=JSON,FETCHED,NASA open data; MERRA-2 meteorology attribution,,64bf0df231b585c9f43d12ca7fdb0f7a2b0727970718385a153afb4ce140af41,,,,data/raw/power/Cooch_Behar.json,,,,2.299,200.0,525587.0
2026-10-03T08:06:59.995058+00:00,NASA POWER daily Birbhum,https://power.larc.nasa.gov/api/temporal/daily/point?parameters=PRECTOTCORR%2CT2M_MAX%2CT2M_MIN&community=AG&longitude=87.6633025669185&latitude=23.954374946162023&start=19970101&end=20251231&format=JSON,FETCHED,NASA open data; MERRA-2 meteorology attribution,,78139ac4dd2914197dd15b2389a7be2559348dcd197c7d294f2be085737b6796,,,,data/raw/power/Birbhum.json,,,,2.329,200.0,523551.0
2026-10-03T08:07:00.783879+00:00,NASA POWER daily Dakshin Dinajpur,https://power.larc.nasa.gov/api/temporal/daily/point?parameters=PRECTOTCORR%2CT2M_MAX%2CT2M_MIN&community=AG&longitude=88.57549538946012&latitude=25.367223422262104&start=19970101&end=20251231&format=JSON,FETCHED,NASA open data; MERRA-2 meteorology attribution,,7254c3d88e1e7bfd9f63182f36eed9d5a7ede1bbccb827f437970fd7e289d7e7,,,,data/raw/power/Dakshin_Dinajpur.json,,,,0.803,200.0,524431.0
2026-10-03T08:07:02.360435+00:00,NASA POWER daily Darjeeling,https://power.larc.nasa.gov/api/temporal/daily/point?parameters=PRECTOTCORR%2CT2M_MAX%2CT2M_MIN&community=AG&longitude=88.39044353556395&latitude=26.91461355635869&start=19970101&end=20251231&format=JSON,FETCHED,NASA open data; MERRA-2 meteorology attribution,,2b3f7153e0b8651cec2e8fcc4f7567085e776f7fa7e4f63a66908831e23336dd,,,,data/raw/power/Darjeeling.json,,,,2.362,200.0,523116.0
2026-10-03T08:07:03.011784+00:00,NASA POWER daily Hooghly,https://power.larc.nasa.gov/api/temporal/daily/point?parameters=PRECTOTCORR%2CT2M_MAX%2CT2M_MIN&community=AG&longitude=88.07619274657169&latitude=22.884919970827617&start=19970101&end=20251231&format=JSON,FETCHED,NASA open data; MERRA-2 meteorology attribution,,0d341315175524ef83ab34bf9593261d7ab9ff96940c66a6c7ff12af1d60bab7,,,,data/raw/power/Hooghly.json,,,,2.224,200.0,524094.0
2026-10-03T08:07:04.577615+00:00,NASA POWER daily Howrah,https://power.larc.nasa.gov/api/temporal/daily/point?parameters=PRECTOTCORR%2CT2M_MAX%2CT2M_MIN&community=AG&longitude=88.063396636747&latitude=22.521489523659817&start=19970101&end=20251231&format=JSON,FETCHED,NASA open data; MERRA-2 meteorology attribution,,511e7cb334220be3b718a3e0f6dcb34cfd1f6fa01ca6cfd5d9024eeee7732966,,,,data/raw/power/Howrah.json,,,,2.215,200.0,524185.0
2026-10-03T08:07:05.251242+00:00,NASA POWER daily Jalpaiguri,https://power.larc.nasa.gov/api/temporal/daily/point?parameters=PRECTOTCORR%2CT2M_MAX%2CT2M_MIN&community=AG&longitude=89.07787352693339&latitude=26.660195593859427&start=19970101&end=20251231&format=JSON,FETCHED,NASA open data; MERRA-2 meteorology attribution,,107484ad6d4f786c4582cca5e2e9c308e058292edf4e954342347f77d738f765,,,,data/raw/power/Jalpaiguri.json,,,,2.236,200.0,525586.0
2026-10-03T08:07:06.806451+00:00,NASA POWER daily Malda,https://power.larc.nasa.gov/api/temporal/daily/point?parameters=PRECTOTCORR%2CT2M_MAX%2CT2M_MIN&community=AG&longitude=88.0888833238987&latitude=25.13748802229477&start=19970101&end=20251231&format=JSON,FETCHED,NASA open data; MERRA-2 meteorology attribution,,61fd708510f1938883c6457421be9d0abfcfff7b1a26d6ce28e74678cc5e21bf,,,,data/raw/power/Malda.json,,,,2.225,200.0,523698.0
2026-10-03T08:07:07.474319+00:00,NASA POWER daily Murshidabad,https://power.larc.nasa.gov/api/temporal/daily/point?parameters=PRECTOTCORR%2CT2M_MAX%2CT2M_MIN&community=AG&longitude=88.23064912357843&latitude=24.162777370029914&start=19970101&end=20251231&format=JSON,FETCHED,NASA open data; MERRA-2 meteorology attribution,,2592947414724c3de195c2b3ea8033048dce538d478fbf48f7fd88724b3d4354,,,,data/raw/power/Murshidabad.json,,,,2.22,200.0,523746.0
2026-10-03T08:07:09.046494+00:00,NASA POWER daily Nadia,https://power.larc.nasa.gov/api/temporal/daily/point?parameters=PRECTOTCORR%2CT2M_MAX%2CT2M_MIN&community=AG&longitude=88.5166952647382&latitude=23.479814018509497&start=19970101&end=20251231&format=JSON,FETCHED,NASA open data; MERRA-2 meteorology attribution,,a3418bcf240fbd97ae93dd0261df199ce52c7ec1bc02331bce11bc8637d6ef1a,,,,data/raw/power/Nadia.json,,,,2.237,200.0,524289.0
2026-10-03T08:07:09.712109+00:00,NASA POWER daily North 24 Parganas,https://power.larc.nasa.gov/api/temporal/daily/point?parameters=PRECTOTCORR%2CT2M_MAX%2CT2M_MIN&community=AG&longitude=88.73013288354228&latitude=22.727142120267875&start=19970101&end=20251231&format=JSON,FETCHED,NASA open data; MERRA-2 meteorology attribution,,60a00a41dd076391d810b034cc1735245f31d3f5f33faaa5ebe5da0da8d498be,,,,data/raw/power/North_24_Parganas.json,,,,2.235,200.0,524621.0
2026-10-03T08:07:11.394523+00:00,NASA POWER daily Paschim Medinipur,https://power.larc.nasa.gov/api/temporal/daily/point?parameters=PRECTOTCORR%2CT2M_MAX%2CT2M_MIN&community=AG&longitude=87.2646111978331&latitude=22.41408848488627&start=19970101&end=20251231&format=JSON,FETCHED,NASA open data; MERRA-2 meteorology attribution,,7900df11ac4edad0342c8198255b8c77df19f22a401824beff5a72751b207f9e,,,,data/raw/power/Paschim_Medinipur.json,,,,2.345,200.0,523821.0
2026-10-03T08:07:12.415918+00:00,NASA POWER daily Purba Medinipur,https://power.larc.nasa.gov/api/temporal/daily/point?parameters=PRECTOTCORR%2CT2M_MAX%2CT2M_MIN&community=AG&longitude=87.7728874271141&latitude=22.03155974597491&start=19970101&end=20251231&format=JSON,FETCHED,NASA open data; MERRA-2 meteorology attribution,,37128635fbdb4ed3b7ba501337c4694b67bb362a79fe7e36787753158c40bb07,,,,data/raw/power/Purba_Medinipur.json,,,,2.699,200.0,524928.0
2026-10-03T08:07:13.240299+00:00,NASA POWER daily South 24 Parganas,https://power.larc.nasa.gov/api/temporal/daily/point?parameters=PRECTOTCORR%2CT2M_MAX%2CT2M_MIN&community=AG&longitude=88.55190737873234&latitude=22.056788955506644&start=19970101&end=20251231&format=JSON,FETCHED,NASA open data; MERRA-2 meteorology attribution,,10f0656adff0f57c63bfe8e280dccf2ce521be324e32a7681039ab271472b2f4,,,,data/raw/power/South_24_Parganas.json,,,,0.82,200.0,525437.0
2026-10-03T08:07:13.927687+00:00,NASA POWER daily Purulia,https://power.larc.nasa.gov/api/temporal/daily/point?parameters=PRECTOTCORR%2CT2M_MAX%2CT2M_MIN&community=AG&longitude=86.42154583618007&latitude=23.276707060223515&start=19970101&end=20251231&format=JSON,FETCHED,NASA open data; MERRA-2 meteorology attribution,,e7c2258c8c8ea0bae3c97c1db3ea1320e14b1428d9b509908e8bf43c7509b7e8,,,,data/raw/power/Purulia.json,,,,2.529,200.0,523453.0
2026-10-03T08:07:15.484210+00:00,NASA POWER daily Uttar Dinajpur,https://power.larc.nasa.gov/api/temporal/daily/point?parameters=PRECTOTCORR%2CT2M_MAX%2CT2M_MIN&community=AG&longitude=88.15726096266737&latitude=25.890156770364925&start=19970101&end=20251231&format=JSON,FETCHED,NASA open data; MERRA-2 meteorology attribution,,9de96126297e9ee67f98999be89de3e154f2f8e035124ddb7872fcbe64a4a56e,,,,data/raw/power/Uttar_Dinajpur.json,,,,2.239,200.0,524523.0
2026-10-03T08:07:21.729394+00:00,Official WB district boundaries,https://mapservice.gov.in/gismapservice/rest/services/BharatMapService/Admin_Boundary_District/MapServer/1/query?where=stname%3D%27West+Bengal%27&outFields=dtname%2Cstname%2Cdtcode11%2Cyear_stat&returnGeometry=true&outSR=4326&f=json,FAILED,Government of India GIS service; redistribution licence not supplied,,,,,,,,,"SSLError: HTTPSConnectionPool(host='mapservice.gov.in', port=443): Max retries exceeded with url: /gismapservice/rest/services/BharatMapService/Admin_Boundary_District/MapServer/1/query?where=stname%3D%27West+Bengal%27&outFields=dtname%2Cstname%2Cdtcode11%2Cyear_stat&returnGeometry=true&outSR=4326&f=json (Caused by SSLError(SSLCertVerificationError(1, '[SSL: CERTIFICATE_VERIFY_FAILED] certificate verify failed: unable to get local issuer certificate (_ssl.c:1000)')))",6.242,,
