district,first_date,last_date,rows,rain_days,tmax_days,tmin_days,et0_days,soil_days
Bankura,1997-01-01,2025-12-31,10592,10592,10592,10592,10592,0
Bardhaman,1997-01-01,2025-12-31,10592,10592,10592,10592,10592,0
Birbhum,1997-01-01,2025-12-31,10592,10592,10592,10592,0,0
Cooch Behar,1997-01-01,2025-12-31,10592,10592,10592,10592,10592,0
Dakshin Dinajpur,1997-01-01,2025-12-31,10592,10592,10592,10592,10592,0
Darjeeling,1997-01-01,2025-12-31,10592,10592,10592,10592,0,0
Hooghly,1997-01-01,2025-12-31,10592,10592,10592,10592,0,0
Howrah,1997-01-01,2025-12-31,10592,10592,10592,10592,0,0
Jalpaiguri,1997-01-01,2025-12-31,10592,10592,10592,10592,0,0
Malda,1997-01-01,2025-12-31,10592,10592,10592,10592,0,0
Murshidabad,1997-01-01,2025-12-31,10592,10592,10592,10592,0,0
Nadia,1997-01-01,2025-12-31,10592,10592,10592,10592,0,0
North 24 Parganas,1997-01-01,2025-12-31,10592,10592,10592,10592,0,0
Paschim Medinipur,1997-01-01,2025-12-31,10592,10592,10592,10592,0,0
Purba Medinipur,1997-01-01,2025-12-31,10592,10592,10592,10592,0,0
Purulia,1997-01-01,2025-12-31,10592,10592,10592,10592,0,0
South 24 Parganas,1997-01-01,2025-12-31,10592,10592,10592,10592,0,0
Uttar Dinajpur,1997-01-01,2025-12-31,10592,10592,10592,10592,0,0
