village,zone,rainfall_anomaly_pct,crop_stress_index,mandi_price_deviation_pct,mgnrega_demand_spike_pct,water_stress_index,historical_vulnerability
Bagula,rainfall_crop,-24.4,34.3,-32.6,9.5,24.9,79.6
Chapra,rainfall_crop,-49.4,48.7,4.2,8.4,37.5,51.0
Krishnaganj,rainfall_crop,-19.4,35.0,-5.9,36.7,18.1,31.7
Hanskhali,rainfall_crop,-25.2,18.4,-3.0,6.8,18.4,54.0
Ranaghat,market_migration,-23.7,32.5,-16.6,43.5,20.3,56.4
Santipur,market_migration,-7.8,18.0,-7.4,-2.4,24.8,43.4
Nabadwip,market_migration,-0.5,11.0,-16.9,7.0,16.9,39.5
Kaliganj,market_migration,1.2,4.7,5.6,25.5,12.9,38.3
Nakashipara,market_migration,-7.2,21.0,-9.8,31.2,14.8,47.2
Chakdaha,market_migration,10.7,24.2,-8.7,27.3,3.0,41.9
Haringhata,market_migration,-6.3,17.5,0.4,5.7,23.5,43.4
Tehatta,rainfall_crop,-35.8,47.9,4.4,23.9,38.6,58.8
Karimpur,rainfall_crop,-2.5,13.0,-23.9,41.4,22.1,35.8
Palashipara,rainfall_crop,-36.4,41.8,-15.6,23.4,39.3,34.8
Debagram,rainfall_crop,-37.6,41.9,-18.7,20.7,19.1,40.5
Thanarpara,rainfall_crop,-12.0,20.6,-18.6,-4.4,17.4,55.1
Betai,rainfall_crop,-16.3,15.6,-4.8,34.4,21.8,15.6
Mayapur,market_migration,-7.6,28.2,-25.7,25.5,12.3,46.7
Gangnapur,market_migration,-7.7,21.0,-8.1,42.4,13.4,38.7
Dhubulia,market_migration,-18.0,6.7,-3.7,50.5,25.4,57.4
Fulia,market_migration,-15.0,16.5,3.3,52.3,33.9,59.5
Birnagar,market_migration,-9.6,15.3,-17.3,0.1,4.5,45.9
Taherpur,market_migration,-13.5,5.4,-7.3,14.6,6.4,38.3
Shantipur Rural,market_migration,-13.9,12.5,3.2,-7.4,0.0,45.1
Char Meghna,flood,19.9,26.2,-16.4,0.8,29.9,37.1
Char Brahmanagar,flood,49.0,46.5,-13.6,56.8,28.1,55.0
Bethuadahari,flood,30.9,38.7,-8.3,20.6,31.0,34.6
Ramnagar,flood,24.5,43.3,2.0,23.4,38.6,29.4
Majhdia,market_migration,-13.1,24.4,8.2,12.5,13.0,84.3
Duttapulia,market_migration,-8.8,27.5,-7.6,28.6,12.3,62.0
