village,zone,rainfall_anomaly_pct,crop_stress_index,mandi_price_deviation_pct,mgnrega_demand_spike_pct,water_stress_index,historical_vulnerability,distress_cascade_label
Bagula,rainfall_crop,-17.7,12.6,1.1,25.3,1.1,21.6,0
Bagula,rainfall_crop,-26.4,28.7,-20.5,28.4,33.6,46.2,0
Bagula,rainfall_crop,-15.5,12.0,-3.4,-3.4,28.1,44.1,0
Bagula,rainfall_crop,-31.5,43.2,-14.3,12.4,25.4,54.6,1
Bagula,rainfall_crop,-16.2,23.0,16.2,7.7,14.6,30.4,0
Bagula,rainfall_crop,-6.2,9.7,-17.5,-2.0,20.2,58.4,0
Bagula,rainfall_crop,-38.4,43.9,-20.6,22.5,34.2,48.9,0
Bagula,rainfall_crop,-18.9,27.4,-9.3,19.2,27.6,18.8,0
Bagula,rainfall_crop,-28.6,25.6,-13.1,36.8,18.5,62.4,0
Bagula,rainfall_crop,-26.7,30.3,-3.5,26.2,33.9,38.7,0
Bagula,rainfall_crop,-10.0,12.5,-23.2,-5.9,6.8,53.9,0
Bagula,rainfall_crop,-12.3,12.7,-6.0,20.6,14.3,53.2,1
Bagula,rainfall_crop,-27.1,26.3,-24.3,21.9,21.6,45.2,1
Bagula,rainfall_crop,-15.7,24.5,-10.9,7.8,18.7,14.6,1
Bagula,rainfall_crop,-40.5,33.5,-6.2,2.8,30.5,68.4,0
Bagula,rainfall_crop,-11.7,8.0,-9.7,-4.2,13.6,60.1,0
Bagula,rainfall_crop,-15.9,21.2,-16.3,-8.4,20.3,35.5,0
Bagula,rainfall_crop,-21.7,37.3,-14.5,2.0,24.8,49.0,0
Bagula,rainfall_crop,-10.3,17.1,9.0,-5.5,9.8,28.3,0
Bagula,rainfall_crop,-41.3,47.2,-15.8,-2.3,24.6,50.6,1
Bagula,rainfall_crop,6.0,33.7,-6.1,1.6,0.0,49.8,0
Bagula,rainfall_crop,-27.8,25.1,-11.5,30.3,28.3,42.1,0
Bagula,rainfall_crop,-45.4,42.0,-12.9,45.0,38.6,62.7,0
Bagula,rainfall_crop,-38.6,32.0,-19.5,47.9,24.9,60.1,1
Bagula,rainfall_crop,-9.0,16.1,-10.3,11.4,8.8,53.0,1
Bagula,rainfall_crop,-39.2,30.0,-8.4,39.2,35.1,42.9,0
Bagula,rainfall_crop,-3.7,10.1,-12.4,27.1,16.5,72.6,1
Bagula,rainfall_crop,-39.1,29.3,9.4,41.2,31.7,38.1,0
Bagula,rainfall_crop,-37.5,31.6,-3.0,10.0,32.4,42.1,1
Bagula,rainfall_crop,-2.3,7.8,0.6,-20.8,10.9,29.8,0
Bagula,rainfall_crop,-34.3,33.2,0.0,-3.6,30.9,36.3,0
Bagula,rainfall_crop,-8.0,16.5,7.6,9.8,7.8,41.0,0
Bagula,rainfall_crop,-19.5,13.9,-7.0,14.9,46.9,78.8,0
Bagula,rainfall_crop,-26.0,16.7,-15.6,16.9,37.7,31.9,0
Bagula,rainfall_crop,-52.1,50.6,-26.3,12.7,32.5,43.3,0
Bagula,rainfall_crop,-42.5,60.3,-30.5,6.6,53.9,95.0,1
Bagula,rainfall_crop,-27.2,32.2,9.9,1.2,23.8,59.0,1
Bagula,rainfall_crop,-27.3,28.5,-26.8,11.5,23.7,49.2,1
Bagula,rainfall_crop,-15.4,27.0,-8.2,20.0,19.8,45.0,0
Bagula,rainfall_crop,-17.6,20.0,16.1,36.6,24.4,31.3,0
Chapra,rainfall_crop,-18.3,12.6,6.4,15.1,25.8,13.6,0
Chapra,rainfall_crop,-15.6,10.2,-13.2,14.5,19.9,39.7,1
Chapra,rainfall_crop,-25.5,29.2,7.3,-23.2,22.9,48.2,0
Chapra,rainfall_crop,-27.2,15.4,-4.4,37.8,11.0,60.5,0
Chapra,rainfall_crop,-22.9,17.1,-12.6,31.8,29.5,76.2,1
Chapra,rainfall_crop,-15.9,33.2,-5.7,28.7,16.5,46.2,1
Chapra,rainfall_crop,-8.1,2.9,3.0,5.9,26.6,58.5,0
Chapra,rainfall_crop,-11.8,3.0,-7.3,-8.8,11.9,72.2,0
Chapra,rainfall_crop,-31.8,25.5,-9.4,-3.9,22.4,50.6,0
Chapra,rainfall_crop,-13.5,0.0,-2.3,9.1,22.2,74.1,0
Chapra,rainfall_crop,-30.3,37.0,-30.5,39.4,31.8,60.2,0
Chapra,rainfall_crop,-10.6,23.1,-6.7,17.3,19.1,29.5,0
Chapra,rainfall_crop,-24.1,29.8,1.5,-0.4,23.2,71.7,0
Chapra,rainfall_crop,-33.5,36.8,-1.4,17.4,43.4,60.4,0
Chapra,rainfall_crop,-14.2,36.4,-13.9,-12.9,34.6,36.8,1
Chapra,rainfall_crop,-3.7,0.0,-21.0,-16.0,4.3,52.9,0
Chapra,rainfall_crop,-18.1,10.0,-35.2,11.3,16.2,53.3,1
Chapra,rainfall_crop,-20.1,29.1,-7.6,23.2,15.0,41.8,0
Chapra,rainfall_crop,-10.5,11.3,-1.4,6.8,15.1,59.9,0
Chapra,rainfall_crop,-40.2,29.3,-38.4,5.1,41.6,39.9,0
Chapra,rainfall_crop,-6.8,21.7,-10.1,33.7,15.0,29.9,1
Chapra,rainfall_crop,-42.7,36.3,-15.7,29.1,52.8,20.1,1
Chapra,rainfall_crop,-36.6,41.7,-13.8,-9.0,41.2,34.1,1
Chapra,rainfall_crop,-37.0,33.0,-5.8,13.4,35.5,51.5,0
Chapra,rainfall_crop,-26.8,17.3,4.2,7.4,37.2,51.9,0
Chapra,rainfall_crop,-17.1,36.0,13.5,18.0,21.9,64.4,0
Chapra,rainfall_crop,-17.3,20.4,-5.3,0.6,4.5,7.7,0
Chapra,rainfall_crop,-28.4,28.2,13.0,31.6,17.4,51.3,0
Chapra,rainfall_crop,-26.0,29.9,-3.0,10.4,36.2,24.4,0
Chapra,rainfall_crop,14.4,19.7,8.2,14.3,15.8,44.0,0
Chapra,rainfall_crop,-32.9,38.1,-21.9,27.5,40.6,51.6,1
Chapra,rainfall_crop,-15.6,16.6,2.7,-15.3,16.0,9.2,0
Chapra,rainfall_crop,-2.9,14.8,-16.9,-10.8,0.0,35.2,0
Chapra,rainfall_crop,-15.9,14.8,-2.6,-11.7,16.6,46.8,1
Chapra,rainfall_crop,-10.9,17.6,-0.6,2.1,25.5,74.3,0
Chapra,rainfall_crop,-34.4,46.7,-15.3,40.7,26.2,71.2,0
Chapra,rainfall_crop,-18.4,34.1,-15.5,2.4,16.5,53.1,1
Chapra,rainfall_crop,-13.1,12.5,5.9,-24.8,10.0,14.6,0
Chapra,rainfall_crop,-18.5,20.2,-12.1,10.7,23.2,26.8,0
Chapra,rainfall_crop,-12.7,19.5,-2.3,17.3,38.0,43.4,0
Krishnaganj,rainfall_crop,-32.5,26.0,-24.8,1.2,28.8,51.0,0
Krishnaganj,rainfall_crop,-32.7,41.6,-3.4,16.0,23.1,54.9,1
Krishnaganj,rainfall_crop,-42.3,42.5,-9.2,5.1,37.3,18.8,0
Krishnaganj,rainfall_crop,-4.5,7.1,-2.7,-26.4,1.2,39.7,0
Krishnaganj,rainfall_crop,-12.0,31.8,-24.9,3.4,19.6,74.0,0
Krishnaganj,rainfall_crop,-18.5,36.2,-31.3,-2.2,16.9,35.6,0
Krishnaganj,rainfall_crop,-18.6,7.6,-0.9,1.2,33.9,33.7,0
Krishnaganj,rainfall_crop,-14.4,24.1,-4.2,-11.3,24.0,26.4,0
Krishnaganj,rainfall_crop,-41.9,46.3,-22.6,0.3,42.3,49.3,1
Krishnaganj,rainfall_crop,-1.7,3.0,-6.1,12.8,4.8,53.5,0
Krishnaganj,rainfall_crop,-27.8,40.9,-24.6,-18.0,42.8,90.9,1
Krishnaganj,rainfall_crop,-49.1,46.7,-16.4,16.8,28.3,55.4,1
Krishnaganj,rainfall_crop,-42.9,49.2,11.2,22.9,32.4,42.4,0
Krishnaganj,rainfall_crop,-46.2,47.9,-17.9,47.7,36.0,75.0,1
Krishnaganj,rainfall_crop,-13.8,20.0,-19.4,15.6,30.4,39.2,0
Krishnaganj,rainfall_crop,-22.2,17.8,-12.8,11.2,6.3,15.9,0
Krishnaganj,rainfall_crop,-29.3,10.9,1.8,14.8,20.5,21.3,0
Krishnaganj,rainfall_crop,-17.1,39.5,-6.9,23.7,18.6,59.7,0
Krishnaganj,rainfall_crop,-4.5,4.9,-12.0,2.0,20.6,72.0,0
Krishnaganj,rainfall_crop,-27.9,32.7,-13.8,30.4,4.3,30.1,1
Krishnaganj,rainfall_crop,-54.5,46.3,-23.9,16.6,53.8,40.6,1
Krishnaganj,rainfall_crop,-22.8,33.9,-22.8,2.8,29.3,41.0,0
Krishnaganj,rainfall_crop,-22.2,30.6,-23.0,15.5,21.2,23.1,0
Krishnaganj,rainfall_crop,-12.4,13.4,-20.3,9.9,28.7,5.0,0
Krishnaganj,rainfall_crop,-34.9,48.1,-9.8,31.5,19.6,24.8,0
Krishnaganj,rainfall_crop,-21.2,28.5,-12.5,19.3,24.3,59.0,1
Krishnaganj,rainfall_crop,-44.7,27.2,1.9,32.6,26.6,11.5,1
Krishnaganj,rainfall_crop,-9.0,27.5,-3.9,9.3,6.4,45.2,0
Krishnaganj,rainfall_crop,-36.2,54.0,7.3,38.5,22.5,60.4,0
Krishnaganj,rainfall_crop,-15.8,29.2,-2.8,26.4,25.9,51.1,0
Krishnaganj,rainfall_crop,-20.8,19.3,-24.3,38.1,39.8,69.5,0
Krishnaganj,rainfall_crop,-3.1,7.9,-4.7,-6.4,15.8,46.1,0
Krishnaganj,rainfall_crop,-22.7,24.8,11.8,27.6,23.7,49.5,0
Krishnaganj,rainfall_crop,-24.8,18.7,-10.6,1.5,12.4,54.2,0
Krishnaganj,rainfall_crop,-47.0,46.3,-1.0,35.5,48.5,45.7,0
Krishnaganj,rainfall_crop,-37.2,41.2,-7.6,37.6,43.3,42.6,0
Krishnaganj,rainfall_crop,-26.5,30.6,-13.0,7.0,28.4,35.9,1
Krishnaganj,rainfall_crop,-17.6,17.7,-5.7,16.5,9.2,36.3,0
Krishnaganj,rainfall_crop,-38.3,22.5,-31.7,14.1,33.3,42.9,0
Krishnaganj,rainfall_crop,-59.4,61.6,3.5,6.5,41.9,31.4,0
Hanskhali,rainfall_crop,-26.6,40.3,10.0,13.0,45.0,45.6,0
Hanskhali,rainfall_crop,-23.3,27.0,-5.7,62.4,32.5,32.3,0
Hanskhali,rainfall_crop,-27.1,25.4,1.1,14.8,29.0,45.3,1
Hanskhali,rainfall_crop,-16.1,3.9,1.4,-5.7,5.2,43.9,0
Hanskhali,rainfall_crop,-31.7,40.2,-28.1,11.9,23.2,44.2,1
Hanskhali,rainfall_crop,-36.1,43.3,-11.7,-9.6,12.1,44.8,1
Hanskhali,rainfall_crop,-23.4,25.9,-7.2,28.7,13.0,23.9,1
Hanskhali,rainfall_crop,-18.0,31.1,-15.8,-21.7,3.7,30.0,0
Hanskhali,rainfall_crop,-27.7,30.3,-14.3,31.3,19.9,29.5,1
Hanskhali,rainfall_crop,-43.5,47.3,-11.9,17.6,52.0,33.8,1
Hanskhali,rainfall_crop,-25.2,17.4,-7.8,-3.8,17.6,52.1,0
Hanskhali,rainfall_crop,-30.7,40.5,1.8,39.7,33.7,69.5,1
Hanskhali,rainfall_crop,-26.5,21.9,-7.8,4.9,24.2,78.9,0
Hanskhali,rainfall_crop,-16.2,17.7,-7.8,12.5,24.2,66.0,0
Hanskhali,rainfall_crop,-17.7,25.6,-23.7,13.1,30.0,60.6,0
Hanskhali,rainfall_crop,-9.6,17.6,5.8,16.7,12.2,51.0,0
Hanskhali,rainfall_crop,-16.6,0.0,-26.7,14.8,24.8,24.1,1
Hanskhali,rainfall_crop,-2.8,3.7,20.4,8.9,15.8,74.1,0
Hanskhali,rainfall_crop,-36.0,36.6,-11.9,-3.3,29.1,31.6,0
Hanskhali,rainfall_crop,-21.5,22.1,-10.6,16.9,29.1,27.0,0
Hanskhali,rainfall_crop,-6.5,7.6,-24.1,16.6,18.6,17.4,0
Hanskhali,rainfall_crop,-11.7,18.5,-1.2,-8.4,20.3,39.6,0
Hanskhali,rainfall_crop,-9.8,25.7,11.7,34.1,14.8,51.3,0
Hanskhali,rainfall_crop,-20.3,24.3,0.2,13.2,14.9,37.5,0
Hanskhali,rainfall_crop,-22.0,27.5,-2.1,9.2,30.7,51.8,0
Hanskhali,rainfall_crop,-1.8,2.6,-26.3,-7.0,0.9,45.9,0
Hanskhali,rainfall_crop,-26.7,34.0,-7.0,21.2,30.1,56.1,0
Hanskhali,rainfall_crop,-27.1,12.0,-7.4,10.9,36.7,66.4,0
Hanskhali,rainfall_crop,-29.0,35.0,-17.6,16.7,37.3,35.0,0
Hanskhali,rainfall_crop,-12.5,8.6,4.4,20.6,18.5,31.3,0
Hanskhali,rainfall_crop,-29.5,35.9,-22.9,23.5,15.3,41.3,0
Hanskhali,rainfall_crop,12.2,5.0,10.9,11.5,14.1,47.1,0
Hanskhali,rainfall_crop,-24.2,38.4,-17.2,34.6,18.0,43.9,1
Hanskhali,rainfall_crop,-15.6,30.6,-11.5,12.7,8.2,40.9,0
Hanskhali,rainfall_crop,-34.8,38.1,4.1,59.7,25.0,70.8,1
Hanskhali,rainfall_crop,-24.1,30.2,-9.8,17.2,20.4,19.8,0
Hanskhali,rainfall_crop,-12.9,14.4,-15.3,11.7,25.7,48.2,0
Hanskhali,rainfall_crop,-4.8,22.0,-3.4,28.1,25.3,65.3,0
Hanskhali,rainfall_crop,-13.6,21.4,-22.4,23.9,4.6,30.7,0
Hanskhali,rainfall_crop,-10.2,26.1,-13.2,-2.8,13.7,46.8,0
Ranaghat,market_migration,3.6,5.4,-2.6,4.5,14.5,45.1,0
Ranaghat,market_migration,-12.8,15.1,-11.5,48.3,16.7,40.6,0
Ranaghat,market_migration,-20.7,21.6,-17.5,44.1,20.8,68.2,1
Ranaghat,market_migration,-9.6,12.9,-7.9,47.0,0.0,9.0,0
Ranaghat,market_migration,-9.8,19.4,-3.2,17.1,26.1,63.5,0
Ranaghat,market_migration,1.6,8.6,-14.0,30.6,11.1,45.0,0
Ranaghat,market_migration,-39.4,29.1,-24.6,19.8,31.1,17.9,0
Ranaghat,market_migration,-20.3,43.0,9.2,22.6,18.6,24.3,0
Ranaghat,market_migration,-11.4,7.3,-8.1,-4.2,9.2,47.7,0
Ranaghat,market_migration,-5.0,0.0,4.3,6.0,19.3,44.8,0
Ranaghat,market_migration,-13.8,20.3,-1.7,21.0,33.6,63.1,0
Ranaghat,market_migration,-1.0,21.4,14.3,4.9,1.3,71.7,1
Ranaghat,market_migration,-25.9,24.4,-4.6,22.6,19.0,32.9,0
Ranaghat,market_migration,-20.6,41.8,-8.7,41.7,17.4,41.7,0
Ranaghat,market_migration,-41.8,31.6,-32.5,-7.8,23.1,68.8,0
Ranaghat,market_migration,5.5,13.2,1.4,7.8,15.2,58.1,0
Ranaghat,market_migration,-3.3,12.5,-14.5,4.3,0.1,46.6,0
Ranaghat,market_migration,-19.5,22.8,-2.6,33.0,37.2,68.0,0
Ranaghat,market_migration,10.2,9.9,5.0,21.5,5.9,12.5,0
Ranaghat,market_migration,-28.7,38.6,6.4,15.7,30.2,31.9,0
Ranaghat,market_migration,-0.7,5.3,14.1,12.1,20.4,46.8,0
Ranaghat,market_migration,-15.4,18.4,-10.2,10.1,25.8,56.7,0
Ranaghat,market_migration,8.4,24.2,-14.1,29.6,3.8,45.4,1
Ranaghat,market_migration,9.4,16.4,-11.1,40.0,0.0,8.7,0
Ranaghat,market_migration,-9.3,15.4,-24.2,21.5,35.6,59.8,1
Ranaghat,market_migration,-15.3,15.6,-33.9,25.8,27.6,16.6,0
Ranaghat,market_migration,-23.9,18.8,-8.2,-8.6,30.5,58.6,0
Ranaghat,market_migration,-39.8,32.8,3.9,-15.5,30.4,23.8,0
Ranaghat,market_migration,-18.1,24.5,-2.9,51.7,18.8,51.8,0
Ranaghat,market_migration,4.3,2.8,-13.1,18.4,0.0,49.1,0
Ranaghat,market_migration,-6.5,0.0,-7.5,29.1,0.0,25.7,0
Ranaghat,market_migration,-6.8,14.4,14.2,28.6,20.6,93.8,0
Ranaghat,market_migration,-19.6,26.0,-4.6,16.6,11.4,86.6,1
Ranaghat,market_migration,-18.8,29.2,-11.7,21.5,26.9,21.7,1
Ranaghat,market_migration,-1.3,21.5,-3.6,17.7,5.7,37.6,0
Ranaghat,market_migration,-14.5,25.4,-30.6,37.3,14.9,51.8,0
Ranaghat,market_migration,5.9,20.3,2.5,0.4,18.3,52.3,0
Ranaghat,market_migration,-10.3,17.2,-1.9,25.0,19.1,71.5,0
Ranaghat,market_migration,-44.4,42.4,-14.3,2.3,37.6,67.5,1
Ranaghat,market_migration,-6.0,3.0,-14.5,40.9,8.2,53.3,1
Santipur,market_migration,12.3,20.9,-11.3,31.9,0.0,66.3,1
Santipur,market_migration,-12.4,12.3,-14.8,31.5,20.0,56.7,0
Santipur,market_migration,-3.8,5.1,20.0,-4.2,24.9,69.6,1
Santipur,market_migration,16.8,28.0,1.4,25.4,7.8,41.2,0
Santipur,market_migration,6.8,12.6,-18.8,33.5,19.2,56.8,1
Santipur,market_migration,-13.3,9.5,-17.8,-4.2,20.3,43.5,0
Santipur,market_migration,-45.5,35.9,2.1,17.0,40.9,20.0,1
Santipur,market_migration,-11.7,17.9,19.2,45.2,14.0,34.3,1
Santipur,market_migration,-3.9,7.7,-11.9,41.9,11.2,86.4,0
Santipur,market_migration,11.4,18.1,2.8,11.7,1.5,53.3,0
Santipur,market_migration,-9.5,3.3,-22.8,-2.6,0.0,47.0,0
Santipur,market_migration,-10.2,0.0,-8.3,15.6,37.1,18.8,0
Santipur,market_migration,10.5,18.0,-1.9,24.2,13.3,59.0,1
Santipur,market_migration,0.5,0.0,-2.1,20.7,3.8,44.6,0
Santipur,market_migration,-22.9,22.7,-22.7,28.5,12.2,57.8,1
Santipur,market_migration,-16.8,15.1,7.6,26.7,18.0,54.0,0
Santipur,market_migration,-10.5,30.4,-9.0,26.6,21.8,61.1,1
Santipur,market_migration,-30.2,33.9,-19.7,46.1,25.0,10.2,0
Santipur,market_migration,-43.0,41.8,-14.5,22.1,46.6,66.6,1
Santipur,market_migration,-35.6,42.0,-5.6,33.1,41.2,24.0,1
Santipur,market_migration,-21.5,30.4,-30.8,11.6,38.1,40.3,1
Santipur,market_migration,-7.2,10.6,8.8,17.1,0.0,30.5,0
Santipur,market_migration,-5.3,0.0,-14.7,9.3,9.5,20.2,0
Santipur,market_migration,-18.7,28.0,-0.5,22.8,17.3,47.5,0
Santipur,market_migration,-23.8,18.9,-16.4,5.3,25.9,58.1,0
Santipur,market_migration,-9.7,12.0,-3.7,20.8,1.3,22.3,1
Santipur,market_migration,2.3,0.0,-1.9,35.8,8.5,54.9,1
Santipur,market_migration,-11.4,2.3,-34.5,32.7,7.0,36.8,0
Santipur,market_migration,-26.9,27.8,-18.9,30.6,30.7,50.8,0
Santipur,market_migration,8.9,4.5,-7.3,36.1,22.6,19.4,0
Santipur,market_migration,6.3,14.7,-5.9,18.4,6.2,50.2,0
Santipur,market_migration,-10.5,15.1,-16.4,29.8,45.4,13.0,0
Santipur,market_migration,-19.1,26.8,-9.5,36.1,33.2,48.5,0
Santipur,market_migration,-38.1,52.0,-9.3,47.2,20.7,30.0,0
Santipur,market_migration,-10.2,16.4,4.5,-4.4,25.9,45.1,0
Santipur,market_migration,-27.7,33.9,-40.1,36.2,11.7,46.0,1
Santipur,market_migration,4.0,7.2,-15.4,12.2,22.7,54.7,0
Santipur,market_migration,-12.8,4.0,-1.9,-7.4,25.2,47.3,0
Santipur,market_migration,-23.2,25.1,11.8,42.1,17.0,49.0,0
Santipur,market_migration,-6.6,5.4,-7.9,-4.6,15.3,53.1,0
Nabadwip,market_migration,-29.4,39.4,-7.5,16.9,24.8,18.0,0
Nabadwip,market_migration,-16.5,29.6,-18.1,35.0,14.5,49.5,1
Nabadwip,market_migration,0.5,1.2,-25.0,-2.4,4.7,22.5,0
Nabadwip,market_migration,-15.6,38.0,-32.6,30.6,8.1,36.1,0
Nabadwip,market_migration,-37.9,41.0,10.7,21.5,35.3,63.4,0
Nabadwip,market_migration,-17.0,2.1,1.4,16.8,10.1,47.3,0
Nabadwip,market_migration,-16.3,24.6,-25.7,39.8,5.8,33.1,0
Nabadwip,market_migration,3.5,9.0,-18.6,12.3,10.7,45.7,0
Nabadwip,market_migration,-10.4,12.6,-25.2,13.4,25.4,20.4,1
Nabadwip,market_migration,-19.8,23.7,-14.2,46.1,27.0,21.4,0
Nabadwip,market_migration,-19.3,17.8,-4.9,15.1,30.5,31.1,0
Nabadwip,market_migration,-17.9,16.6,4.7,31.6,37.8,85.8,0
Nabadwip,market_migration,-9.2,3.8,-15.9,9.5,4.9,26.1,0
Nabadwip,market_migration,-24.6,33.9,-22.1,68.6,20.2,46.3,1
Nabadwip,market_migration,10.5,23.4,-5.9,3.6,12.1,24.8,0
Nabadwip,market_migration,-0.3,6.0,-36.1,4.8,17.1,66.8,0
Nabadwip,market_migration,-29.1,33.6,1.1,1.5,27.4,49.9,0
Nabadwip,market_migration,-32.2,31.4,-14.6,23.6,23.7,37.0,0
Nabadwip,market_migration,-4.7,6.8,-11.9,21.1,0.0,53.6,0
Nabadwip,market_migration,-9.5,21.3,-32.6,-6.3,18.5,44.9,1
Nabadwip,market_migration,-15.5,24.3,1.5,31.3,16.7,7.1,0
Nabadwip,market_migration,4.7,14.4,-18.7,31.7,18.6,73.1,0
Nabadwip,market_migration,-12.7,22.4,-8.7,6.8,21.8,55.4,0
Nabadwip,market_migration,-7.4,9.6,10.3,6.9,8.5,45.2,0
Nabadwip,market_migration,-28.0,19.7,-33.4,23.4,15.6,38.1,1
Nabadwip,market_migration,-17.7,22.8,-13.0,33.8,25.4,32.5,1
Nabadwip,market_migration,2.5,10.4,-24.3,30.4,0.0,70.4,0
Nabadwip,market_migration,-6.5,12.1,-10.3,31.2,10.2,49.2,1
Nabadwip,market_migration,-16.7,15.1,-22.6,5.8,1.8,58.1,0
Nabadwip,market_migration,7.1,0.0,2.7,39.3,5.4,46.8,0
Nabadwip,market_migration,-6.8,2.6,-4.0,-4.8,19.5,63.4,0
Nabadwip,market_migration,-23.6,9.0,-10.6,11.5,8.7,53.2,1
Nabadwip,market_migration,-22.9,21.2,3.7,32.3,22.4,56.1,0
Nabadwip,market_migration,-9.6,14.8,-13.9,28.2,8.0,54.2,1
Nabadwip,market_migration,-45.0,55.0,-50.8,22.5,47.3,39.3,1
Nabadwip,market_migration,-23.1,34.0,-34.2,43.4,23.3,23.5,0
Nabadwip,market_migration,-22.2,31.9,-2.0,0.2,19.3,29.5,0
Nabadwip,market_migration,-26.2,41.4,-12.6,10.9,18.9,30.6,0
Nabadwip,market_migration,-8.9,3.2,-32.6,13.1,0.0,31.5,0
Nabadwip,market_migration,-20.5,39.4,-11.2,31.5,4.5,33.2,0
Kaliganj,market_migration,-22.3,32.3,-25.3,21.8,17.5,48.0,0
Kaliganj,market_migration,-13.3,15.0,-17.1,29.0,20.3,43.4,0
Kaliganj,market_migration,-0.4,3.5,-10.2,20.4,27.2,20.9,0
Kaliganj,market_migration,-32.7,36.2,7.5,34.4,31.3,34.9,0
Kaliganj,market_migration,-13.0,10.4,-11.0,23.6,10.1,30.5,1
Kaliganj,market_migration,-5.3,14.1,-5.3,36.0,14.1,52.1,0
Kaliganj,market_migration,-11.1,10.7,19.0,13.9,10.0,52.8,0
Kaliganj,market_migration,-26.9,38.2,-12.9,10.9,38.0,56.3,0
Kaliganj,market_migration,11.3,20.5,-9.2,47.0,11.6,44.5,1
Kaliganj,market_migration,-3.0,11.5,-7.6,9.0,13.1,43.7,0
Kaliganj,market_migration,-27.7,34.4,-42.4,29.7,21.8,68.5,1
Kaliganj,market_migration,-2.1,3.7,-5.2,30.0,6.6,62.9,0
Kaliganj,market_migration,-6.5,18.2,-0.8,51.3,6.2,20.2,0
Kaliganj,market_migration,-2.1,10.9,-6.4,3.9,18.9,23.0,0
Kaliganj,market_migration,24.3,29.8,-3.5,18.1,0.0,34.2,0
Kaliganj,market_migration,-27.4,43.4,-9.2,34.5,23.3,41.9,0
Kaliganj,market_migration,-10.4,18.6,-11.1,17.5,2.2,9.4,0
Kaliganj,market_migration,-9.3,3.1,-6.9,19.6,0.0,28.5,0
Kaliganj,market_migration,-5.4,0.6,-4.2,33.5,21.0,43.3,0
Kaliganj,market_migration,-17.6,24.5,-7.3,33.6,21.9,59.7,0
Kaliganj,market_migration,-0.6,12.5,-17.5,-6.0,25.8,49.6,1
Kaliganj,market_migration,-18.6,27.9,-13.5,17.3,35.1,26.1,1
Kaliganj,market_migration,-7.5,14.8,-2.3,35.4,16.5,53.8,0
Kaliganj,market_migration,-9.2,14.2,-5.5,33.1,21.1,45.8,0
Kaliganj,market_migration,-9.2,13.0,-5.6,54.4,10.3,52.6,0
Kaliganj,market_migration,-8.8,31.6,-15.3,30.8,7.3,38.7,0
Kaliganj,market_migration,0.2,7.7,8.0,18.5,6.7,93.7,0
Kaliganj,market_migration,-18.6,16.2,-19.7,36.1,17.5,47.3,1
Kaliganj,market_migration,-1.2,0.0,-18.9,21.4,16.7,51.0,0
Kaliganj,market_migration,-1.9,0.7,-12.4,4.0,24.1,56.4,0
Kaliganj,market_migration,5.0,32.0,-31.3,14.9,3.8,29.7,0
Kaliganj,market_migration,-13.6,7.5,-3.1,20.7,23.0,54.1,1
Kaliganj,market_migration,-14.5,35.0,-8.4,-1.2,8.7,13.7,0
Kaliganj,market_migration,-11.5,11.6,16.4,29.1,24.1,28.2,0
Kaliganj,market_migration,-9.6,15.0,-30.5,19.0,15.9,41.1,0
Kaliganj,market_migration,-16.5,18.4,-7.7,31.7,30.7,39.7,0
Kaliganj,market_migration,-4.7,14.2,-13.3,33.4,22.6,68.3,1
Kaliganj,market_migration,-20.4,23.5,-9.4,22.4,15.7,18.3,0
Kaliganj,market_migration,-19.2,23.0,-19.0,7.3,23.9,47.7,1
Kaliganj,market_migration,16.2,21.8,-3.5,7.3,0.0,73.5,0
Nakashipara,market_migration,-22.5,25.0,-10.8,10.7,20.5,67.1,0
Nakashipara,market_migration,-26.7,36.6,-5.6,17.8,10.2,31.6,1
Nakashipara,market_migration,4.0,0.3,-7.1,28.2,0.0,63.6,0
Nakashipara,market_migration,-6.0,12.4,5.2,29.4,0.0,30.9,0
Nakashipara,market_migration,-12.3,19.9,0.5,32.1,15.3,11.8,0
Nakashipara,market_migration,-5.0,0.8,1.5,31.8,14.3,5.0,0
Nakashipara,market_migration,12.6,12.0,-31.6,39.5,10.1,64.9,1
Nakashipara,market_migration,-4.5,12.0,0.6,55.1,22.4,16.6,0
Nakashipara,market_migration,3.7,17.9,-13.8,40.0,19.3,91.3,0
Nakashipara,market_migration,-16.1,17.0,-14.4,8.9,0.0,37.2,0
Nakashipara,market_migration,-15.9,34.8,-11.1,46.1,22.2,59.9,1
Nakashipara,market_migration,6.4,11.2,-1.7,26.3,7.1,52.3,0
Nakashipara,market_migration,-13.2,20.3,6.1,40.2,18.1,5.0,0
Nakashipara,market_migration,-36.6,49.7,-11.4,45.4,23.0,17.1,1
Nakashipara,market_migration,-10.4,10.4,-6.5,62.1,24.6,63.9,1
Nakashipara,market_migration,7.8,10.5,-32.2,17.8,18.1,27.5,0
Nakashipara,market_migration,-18.3,33.5,-2.0,36.1,27.2,44.3,0
Nakashipara,market_migration,-24.2,9.3,-5.6,25.2,36.6,73.3,0
Nakashipara,market_migration,-22.0,22.0,-3.5,61.5,38.0,65.1,0
Nakashipara,market_migration,-20.6,29.8,-23.7,21.9,21.2,73.7,0
Nakashipara,market_migration,-39.3,44.4,-21.0,29.7,32.7,40.1,0
Nakashipara,market_migration,-28.4,26.4,-1.8,15.4,10.9,57.0,0
Nakashipara,market_migration,-10.5,0.0,2.5,-6.9,19.4,29.0,0
Nakashipara,market_migration,-15.3,17.3,-16.3,31.2,14.7,62.6,0
Nakashipara,market_migration,-18.4,14.6,-28.0,26.0,17.5,5.0,0
Nakashipara,market_migration,-20.8,36.3,-31.9,5.5,33.6,69.4,1
Nakashipara,market_migration,-17.6,25.8,-37.8,-3.5,17.7,72.9,1
Nakashipara,market_migration,-8.8,22.0,16.0,14.8,15.1,77.8,1
Nakashipara,market_migration,2.3,0.0,-4.8,14.4,0.4,27.3,0
Nakashipara,market_migration,1.9,5.7,-6.0,28.0,0.3,58.3,0
Nakashipara,market_migration,21.2,21.1,-14.7,34.8,18.2,35.4,1
Nakashipara,market_migration,-3.5,1.5,-11.2,19.7,22.1,34.1,0
Nakashipara,market_migration,-33.0,24.6,-25.5,21.8,17.9,32.4,1
Nakashipara,market_migration,-15.3,29.3,-2.5,25.6,14.6,37.2,0
Nakashipara,market_migration,-3.0,0.4,-5.6,-12.4,13.9,58.7,1
Nakashipara,market_migration,11.8,8.6,-4.7,19.6,9.0,42.9,0
Nakashipara,market_migration,0.2,16.2,-8.5,34.3,3.0,58.8,0
Nakashipara,market_migration,3.1,25.5,-11.3,-8.5,4.5,67.2,1
Nakashipara,market_migration,-7.0,19.4,-3.1,41.1,23.4,72.4,0
Nakashipara,market_migration,0.9,3.3,-13.7,44.4,12.2,59.5,1
Chakdaha,market_migration,-17.0,20.4,8.2,31.4,3.1,41.1,0
Chakdaha,market_migration,-12.6,1.9,16.4,28.7,16.8,38.3,0
Chakdaha,market_migration,-16.5,29.0,-3.8,28.9,21.4,41.9,1
Chakdaha,market_migration,-20.4,16.5,-27.9,31.3,28.6,53.6,1
Chakdaha,market_migration,-13.8,23.8,-10.1,16.6,15.2,81.4,1
Chakdaha,market_migration,-4.0,0.0,-7.3,11.5,0.0,52.0,0
Chakdaha,market_migration,-35.2,43.4,4.7,51.2,34.7,45.8,0
Chakdaha,market_migration,10.2,23.2,-20.8,26.8,14.4,12.4,0
Chakdaha,market_migration,17.3,25.7,7.8,27.2,9.3,51.9,0
Chakdaha,market_migration,-21.6,34.5,5.3,11.8,32.6,43.4,0
Chakdaha,market_migration,-4.5,17.0,-7.6,43.4,15.8,56.2,0
Chakdaha,market_migration,15.9,23.1,-0.9,-0.4,1.8,67.3,0
Chakdaha,market_migration,-33.0,43.0,-19.0,49.9,28.9,48.7,1
Chakdaha,market_migration,-20.8,15.8,-10.7,34.3,9.2,15.0,0
Chakdaha,market_migration,-17.2,17.4,-30.9,12.2,20.3,61.7,0
Chakdaha,market_migration,9.9,8.4,-15.5,43.2,12.1,35.1,0
Chakdaha,market_migration,6.2,22.3,-19.2,22.9,10.9,27.2,0
Chakdaha,market_migration,-9.9,23.1,5.0,18.8,13.8,57.0,0
Chakdaha,market_migration,-2.9,6.9,-18.7,5.4,26.2,42.2,0
Chakdaha,market_migration,-16.2,21.9,19.4,7.6,0.7,68.2,0
Chakdaha,market_migration,-10.2,9.5,-4.2,6.1,14.3,53.1,0
Chakdaha,market_migration,-18.4,18.8,-26.0,16.4,22.2,37.8,0
Chakdaha,market_migration,-10.2,9.0,0.9,41.8,11.5,53.7,1
Chakdaha,market_migration,-5.6,22.6,-3.3,-3.0,17.9,67.2,0
Chakdaha,market_migration,1.9,1.2,-24.0,20.4,0.0,40.7,0
Chakdaha,market_migration,-32.9,24.4,-22.0,23.1,26.1,70.2,0
Chakdaha,market_migration,-4.1,9.8,-2.8,7.5,21.0,25.0,1
Chakdaha,market_migration,4.2,10.5,-9.7,26.6,0.0,50.4,0
Chakdaha,market_migration,-10.6,20.2,-9.9,5.9,15.0,46.2,0
Chakdaha,market_migration,-8.1,20.6,-22.1,25.8,27.7,13.8,0
Chakdaha,market_migration,-17.0,17.4,-19.5,19.8,38.6,22.2,0
Chakdaha,market_migration,-25.6,41.9,-17.8,28.1,21.3,28.0,0
Chakdaha,market_migration,19.5,33.7,-21.3,36.1,1.7,13.0,0
Chakdaha,market_migration,3.9,16.9,-14.2,19.7,17.5,52.0,1
Chakdaha,market_migration,-29.4,32.4,2.1,8.1,34.0,51.0,0
Chakdaha,market_migration,0.5,0.0,-25.4,10.0,18.9,35.2,0
Chakdaha,market_migration,-31.9,47.7,-3.2,41.5,38.8,55.4,0
Chakdaha,market_migration,-12.0,12.3,23.8,29.4,12.5,53.4,0
Chakdaha,market_migration,8.1,7.0,-1.0,35.7,13.8,46.7,0
Chakdaha,market_migration,-10.7,10.0,-12.9,42.7,15.3,30.9,0
Haringhata,market_migration,3.2,13.3,-1.3,17.5,15.7,33.4,0
Haringhata,market_migration,1.6,13.5,-19.8,8.5,11.1,76.1,0
Haringhata,market_migration,-6.7,0.0,-13.6,12.5,9.8,35.4,1
Haringhata,market_migration,-16.4,8.1,2.1,31.3,28.3,17.3,1
Haringhata,market_migration,-1.9,0.0,-5.9,16.3,29.6,79.6,0
Haringhata,market_migration,19.9,15.6,3.4,36.5,0.0,53.9,0
Haringhata,market_migration,-3.3,9.9,6.9,21.6,10.3,64.7,1
Haringhata,market_migration,-1.2,0.8,-18.7,9.7,4.5,59.2,0
Haringhata,market_migration,-11.9,27.1,6.4,28.4,8.9,73.4,1
Haringhata,market_migration,-8.5,9.9,-18.2,-1.5,21.4,30.9,0
Haringhata,market_migration,-23.0,15.7,-2.2,44.9,24.5,55.3,0
Haringhata,market_migration,-18.1,12.7,-30.6,22.9,0.0,21.2,0
Haringhata,market_migration,-20.0,26.1,-6.3,37.9,29.5,65.5,0
Haringhata,market_migration,-6.4,14.8,-6.5,15.7,10.5,30.3,0
Haringhata,market_migration,-11.1,9.7,-15.4,2.3,26.5,46.4,0
Haringhata,market_migration,-0.3,0.8,-23.0,33.5,4.8,37.6,1
Haringhata,market_migration,3.7,8.5,-21.7,28.3,5.2,79.0,0
Haringhata,market_migration,-36.8,41.0,11.2,51.9,50.4,26.6,1
Haringhata,market_migration,-18.7,23.6,-24.8,14.2,14.4,61.2,0
Haringhata,market_migration,-6.7,0.2,-9.8,6.9,22.7,66.2,0
Haringhata,market_migration,-19.1,0.2,-27.2,39.4,17.4,31.5,1
Haringhata,market_migration,5.2,9.9,-11.0,18.5,12.3,73.8,0
Haringhata,market_migration,-1.3,15.5,-22.4,33.2,7.8,5.0,0
Haringhata,market_migration,-22.2,29.2,-9.0,28.1,42.8,22.2,0
Haringhata,market_migration,-6.3,4.8,-6.4,-4.8,27.9,32.7,0
Haringhata,market_migration,-10.4,22.6,-10.0,23.2,10.4,47.1,0
Haringhata,market_migration,-19.4,21.5,-16.5,57.9,20.7,72.8,0
Haringhata,market_migration,-6.9,0.6,-11.5,21.3,30.0,49.0,0
Haringhata,market_migration,-2.3,20.1,-9.7,58.9,6.5,31.2,1
Haringhata,market_migration,18.0,27.7,-14.2,43.7,16.9,80.4,0
Haringhata,market_migration,-13.2,13.2,-31.7,37.2,15.2,58.3,1
Haringhata,market_migration,-14.2,14.4,-6.7,36.4,12.9,33.6,0
Haringhata,market_migration,-5.5,0.0,-20.7,40.5,17.3,31.3,0
Haringhata,market_migration,-9.8,19.7,-25.3,10.3,18.6,43.2,0
Haringhata,market_migration,-24.8,30.1,2.6,32.8,26.2,43.3,0
Haringhata,market_migration,-10.9,24.9,-11.2,10.9,11.6,48.6,0
Haringhata,market_migration,-4.2,12.9,2.7,42.6,22.5,28.2,0
Haringhata,market_migration,-10.9,11.2,-21.3,14.2,11.8,32.9,1
Haringhata,market_migration,4.1,10.3,22.1,23.1,7.1,45.1,0
Haringhata,market_migration,-4.8,25.9,-20.0,37.4,14.9,16.7,0
Tehatta,rainfall_crop,-4.3,2.0,-6.4,-17.4,0.0,63.9,0
Tehatta,rainfall_crop,-37.5,40.6,-18.4,11.1,39.9,24.1,0
Tehatta,rainfall_crop,-19.8,30.6,4.3,5.7,31.3,30.9,1
Tehatta,rainfall_crop,-37.9,49.7,-21.3,50.6,38.6,26.7,1
Tehatta,rainfall_crop,-11.1,23.4,-10.4,14.5,24.2,47.4,0
Tehatta,rainfall_crop,-33.4,36.9,3.0,41.5,37.8,50.2,1
Tehatta,rainfall_crop,-31.3,32.0,-20.7,-2.7,32.1,48.3,0
Tehatta,rainfall_crop,-14.4,19.9,-2.3,12.3,22.7,31.9,0
Tehatta,rainfall_crop,-12.6,11.0,-7.0,1.4,12.3,24.8,0
Tehatta,rainfall_crop,-7.1,15.7,15.3,9.1,44.6,40.9,0
Tehatta,rainfall_crop,-27.6,32.8,-0.9,14.5,44.3,49.3,0
Tehatta,rainfall_crop,-34.7,39.6,-13.5,8.8,23.1,93.1,1
Tehatta,rainfall_crop,-42.4,37.6,-12.3,25.6,41.0,57.2,1
Tehatta,rainfall_crop,-17.2,13.5,-15.5,-2.4,8.5,64.2,0
Tehatta,rainfall_crop,-8.3,12.8,1.4,-15.2,23.6,48.2,0
Tehatta,rainfall_crop,-16.7,12.1,-25.8,0.3,25.7,57.4,1
Tehatta,rainfall_crop,-35.7,31.4,-15.0,-4.6,17.2,30.2,0
Tehatta,rainfall_crop,-38.5,38.7,0.9,-1.8,31.1,63.4,0
Tehatta,rainfall_crop,-30.0,41.3,-15.9,34.9,32.3,38.8,1
Tehatta,rainfall_crop,-17.5,28.9,-16.9,15.9,19.9,57.7,1
Tehatta,rainfall_crop,-7.8,15.7,-24.2,30.1,37.0,63.0,0
Tehatta,rainfall_crop,-20.8,10.4,-29.7,14.4,16.6,28.5,0
Tehatta,rainfall_crop,-13.4,5.4,-12.2,32.0,7.3,60.7,0
Tehatta,rainfall_crop,-14.4,26.7,-1.1,28.3,7.1,65.0,1
Tehatta,rainfall_crop,-18.4,23.6,-3.7,19.0,12.6,20.7,0
Tehatta,rainfall_crop,-19.4,31.7,-11.3,-5.2,31.3,38.3,1
Tehatta,rainfall_crop,-31.1,46.1,-23.4,14.5,29.7,25.3,0
Tehatta,rainfall_crop,0.6,1.6,-1.5,-32.8,9.6,39.4,0
Tehatta,rainfall_crop,-6.9,8.6,-9.4,4.5,0.0,24.6,0
Tehatta,rainfall_crop,-51.5,45.3,-17.6,45.5,48.6,35.0,1
Tehatta,rainfall_crop,-32.4,42.2,-28.6,34.6,25.4,26.5,0
Tehatta,rainfall_crop,-18.1,17.3,-2.0,3.6,27.1,53.0,0
Tehatta,rainfall_crop,-28.2,31.6,-4.1,46.8,36.3,62.6,0
Tehatta,rainfall_crop,-14.8,22.2,-0.9,-1.6,14.4,35.9,0
Tehatta,rainfall_crop,-24.4,28.1,2.8,28.0,23.0,32.9,0
Tehatta,rainfall_crop,-11.2,2.2,-10.1,11.0,24.5,61.4,0
Tehatta,rainfall_crop,-13.8,17.9,-16.8,8.6,18.5,44.4,1
Tehatta,rainfall_crop,-27.6,30.3,-13.9,11.9,31.4,25.6,0
Tehatta,rainfall_crop,-26.9,35.3,9.0,28.6,11.4,40.8,0
Tehatta,rainfall_crop,-19.5,26.9,-21.0,15.7,25.9,59.9,0
Karimpur,rainfall_crop,-26.8,7.5,-14.6,2.0,15.9,48.0,1
Karimpur,rainfall_crop,-53.6,55.0,-25.4,29.0,29.4,45.5,1
Karimpur,rainfall_crop,-17.8,22.0,-12.4,-9.5,5.9,34.5,1
Karimpur,rainfall_crop,-30.5,37.5,-15.0,2.9,25.5,49.1,0
Karimpur,rainfall_crop,4.3,3.5,-7.4,15.3,9.8,36.0,0
Karimpur,rainfall_crop,-29.2,22.6,-30.1,1.7,17.0,55.5,1
Karimpur,rainfall_crop,-34.7,34.1,-33.4,9.1,34.8,59.8,1
Karimpur,rainfall_crop,-7.3,0.0,-21.0,18.6,31.1,53.9,0
Karimpur,rainfall_crop,-43.6,44.0,-38.9,-11.3,37.5,38.6,0
Karimpur,rainfall_crop,-21.1,24.9,1.6,16.3,34.9,45.1,0
Karimpur,rainfall_crop,-7.1,3.6,27.2,14.5,18.1,54.5,0
Karimpur,rainfall_crop,-10.9,2.0,10.5,3.4,17.6,22.0,0
Karimpur,rainfall_crop,-31.1,33.8,-14.5,45.3,48.5,45.8,1
Karimpur,rainfall_crop,-27.2,38.4,-15.7,11.3,36.1,35.3,1
Karimpur,rainfall_crop,-44.1,50.4,9.7,31.4,51.1,29.8,1
Karimpur,rainfall_crop,-35.2,34.9,-2.0,18.2,17.0,21.3,0
Karimpur,rainfall_crop,-15.1,35.1,5.1,-11.7,33.3,61.9,0
Karimpur,rainfall_crop,-26.2,37.4,-5.0,-2.3,31.9,6.5,0
Karimpur,rainfall_crop,-6.1,10.6,-13.6,24.0,23.4,68.6,0
Karimpur,rainfall_crop,-6.9,17.0,-5.4,13.6,11.7,23.2,0
Karimpur,rainfall_crop,-25.9,30.3,6.7,14.9,35.6,64.4,0
Karimpur,rainfall_crop,-13.7,15.4,7.6,21.4,6.3,47.9,0
Karimpur,rainfall_crop,-24.5,30.7,-4.0,0.1,29.8,19.9,1
Karimpur,rainfall_crop,-6.9,14.1,-11.8,18.2,13.6,45.2,0
Karimpur,rainfall_crop,-32.2,34.3,-14.9,-7.2,20.1,73.2,0
Karimpur,rainfall_crop,-40.5,29.2,-11.7,38.7,32.5,68.5,1
Karimpur,rainfall_crop,-15.4,8.2,4.0,5.0,27.9,30.3,0
Karimpur,rainfall_crop,-17.1,19.1,-4.0,8.8,13.8,73.9,0
Karimpur,rainfall_crop,-32.7,38.9,-20.8,-0.0,39.9,14.3,0
Karimpur,rainfall_crop,-25.5,26.3,-5.0,23.3,17.1,57.9,0
Karimpur,rainfall_crop,-39.6,39.3,4.7,43.0,40.9,23.6,1
Karimpur,rainfall_crop,-10.1,19.9,0.4,18.4,15.3,34.0,0
Karimpur,rainfall_crop,-17.2,22.0,-2.6,-6.6,26.8,82.0,1
Karimpur,rainfall_crop,-22.9,28.0,14.2,-0.3,25.8,30.6,0
Karimpur,rainfall_crop,-22.7,36.2,10.2,23.8,19.9,89.9,1
Karimpur,rainfall_crop,-30.0,17.8,8.1,27.0,52.2,20.0,0
Karimpur,rainfall_crop,-21.0,30.4,-30.3,37.6,30.5,44.3,1
Karimpur,rainfall_crop,-32.7,29.8,-16.0,-12.3,38.2,66.4,1
Karimpur,rainfall_crop,-17.1,18.3,-4.8,3.2,11.4,63.9,0
Karimpur,rainfall_crop,6.3,11.0,-18.8,29.2,16.3,58.1,0
Palashipara,rainfall_crop,-31.1,32.0,-12.9,-3.4,26.0,69.1,0
Palashipara,rainfall_crop,-40.8,29.3,9.6,14.0,28.0,40.1,0
Palashipara,rainfall_crop,-2.1,3.7,9.9,9.7,25.5,49.6,0
Palashipara,rainfall_crop,-11.9,20.7,-4.9,9.7,36.3,28.7,0
Palashipara,rainfall_crop,-21.8,27.8,-15.3,19.7,21.4,16.5,0
Palashipara,rainfall_crop,-37.4,24.8,-8.1,21.5,37.7,55.2,0
Palashipara,rainfall_crop,-41.1,57.7,-27.2,31.6,27.8,46.4,1
Palashipara,rainfall_crop,-14.1,18.8,-14.2,-3.0,21.2,23.2,0
Palashipara,rainfall_crop,14.8,29.1,-1.7,14.0,0.0,21.2,0
Palashipara,rainfall_crop,-33.1,29.2,-12.4,-0.6,17.6,44.1,0
Palashipara,rainfall_crop,-32.4,27.9,-3.9,11.5,27.6,55.7,0
Palashipara,rainfall_crop,-25.9,32.1,-2.8,13.8,26.3,30.9,0
Palashipara,rainfall_crop,-11.2,18.7,-3.3,16.9,17.2,57.5,0
Palashipara,rainfall_crop,-9.2,12.5,8.8,14.6,21.9,50.1,0
Palashipara,rainfall_crop,-32.3,39.7,22.2,12.3,30.1,37.0,1
Palashipara,rainfall_crop,-0.4,0.0,-11.7,-15.8,2.7,14.2,0
Palashipara,rainfall_crop,17.2,17.5,-28.6,25.9,2.7,68.4,1
Palashipara,rainfall_crop,-30.8,31.3,-1.6,12.4,23.5,41.4,0
Palashipara,rainfall_crop,-16.4,5.5,-12.2,20.8,22.9,55.6,0
Palashipara,rainfall_crop,-5.6,17.5,-3.3,26.3,20.9,37.1,0
Palashipara,rainfall_crop,-16.1,23.9,3.5,-0.1,10.6,53.3,0
Palashipara,rainfall_crop,-48.4,51.6,-36.0,6.7,52.6,77.8,0
Palashipara,rainfall_crop,-26.6,29.3,11.0,7.9,21.2,72.9,0
Palashipara,rainfall_crop,-11.9,3.9,-8.6,-15.9,6.6,60.1,0
Palashipara,rainfall_crop,-26.5,22.8,-12.1,18.2,35.7,5.0,0
Palashipara,rainfall_crop,-19.8,22.0,-4.5,17.5,18.8,35.5,0
Palashipara,rainfall_crop,-5.9,4.5,-7.4,11.9,29.2,39.6,0
Palashipara,rainfall_crop,-4.8,8.8,-9.8,5.3,10.3,60.4,0
Palashipara,rainfall_crop,-18.7,12.8,-19.5,43.4,19.4,31.1,0
Palashipara,rainfall_crop,-18.1,25.9,-11.5,9.7,19.1,20.1,0
Palashipara,rainfall_crop,-17.9,35.9,-10.3,-18.0,19.8,94.3,1
Palashipara,rainfall_crop,-33.4,39.7,-20.9,-2.4,26.5,46.6,1
Palashipara,rainfall_crop,-38.1,39.4,-16.8,23.8,20.7,57.9,0
Palashipara,rainfall_crop,1.0,0.0,-19.1,14.3,26.6,50.7,0
Palashipara,rainfall_crop,-21.8,16.4,-14.3,-6.1,10.3,52.2,0
Palashipara,rainfall_crop,-17.5,10.4,-4.0,3.3,34.6,50.8,0
Palashipara,rainfall_crop,-32.6,34.8,-23.0,10.5,26.9,31.9,0
Palashipara,rainfall_crop,-41.8,23.9,-22.3,23.4,19.1,20.4,0
Palashipara,rainfall_crop,-30.9,35.4,-3.6,26.8,13.3,40.8,1
Palashipara,rainfall_crop,12.2,3.3,-19.1,-6.8,0.0,69.3,0
Debagram,rainfall_crop,-28.7,20.2,-35.9,9.4,24.0,33.3,1
Debagram,rainfall_crop,-16.5,22.4,-13.2,-2.9,26.5,45.2,0
Debagram,rainfall_crop,-10.9,3.5,-23.7,-2.5,6.0,58.6,0
Debagram,rainfall_crop,-6.6,14.1,-5.6,29.5,18.7,46.2,0
Debagram,rainfall_crop,-20.4,20.9,-19.2,23.8,34.6,44.1,0
Debagram,rainfall_crop,-49.6,49.2,-13.9,9.4,63.6,43.8,1
Debagram,rainfall_crop,-21.6,8.5,-16.4,24.9,16.7,30.1,0
Debagram,rainfall_crop,-3.2,12.0,-13.3,7.4,3.9,27.1,0
Debagram,rainfall_crop,-30.7,24.3,-28.4,17.4,30.7,75.6,0
Debagram,rainfall_crop,-17.9,23.6,-12.6,25.1,28.5,50.9,0
Debagram,rainfall_crop,-27.0,18.4,-18.4,3.3,15.0,52.9,0
Debagram,rainfall_crop,-34.7,38.5,-24.2,13.1,23.9,55.8,1
Debagram,rainfall_crop,-7.8,10.1,-15.3,-8.3,17.2,61.1,0
Debagram,rainfall_crop,9.3,24.8,-13.4,9.4,14.7,29.9,0
Debagram,rainfall_crop,-16.9,22.3,-1.1,39.4,21.9,43.0,0
Debagram,rainfall_crop,-8.5,10.0,-7.4,13.4,18.7,20.6,0
Debagram,rainfall_crop,-34.4,28.3,-18.0,24.6,29.0,48.5,0
Debagram,rainfall_crop,-28.5,35.3,-4.2,6.0,28.7,84.6,0
Debagram,rainfall_crop,-31.7,32.1,-9.7,13.8,28.7,19.0,0
Debagram,rainfall_crop,-24.1,25.4,-16.6,11.7,25.1,61.0,1
Debagram,rainfall_crop,-16.4,15.4,-1.5,17.5,28.5,57.8,0
Debagram,rainfall_crop,-23.4,28.0,2.6,5.2,17.7,48.3,0
Debagram,rainfall_crop,-33.5,34.6,-12.3,-16.6,27.9,42.2,0
Debagram,rainfall_crop,-2.2,0.0,-15.9,-31.2,6.5,37.9,0
Debagram,rainfall_crop,-6.5,17.7,-7.7,6.9,24.2,44.6,0
Debagram,rainfall_crop,-46.0,42.9,-3.4,52.9,38.2,31.2,0
Debagram,rainfall_crop,-14.3,3.7,0.0,21.2,22.9,41.0,0
Debagram,rainfall_crop,-19.6,16.4,13.7,6.8,29.5,5.0,0
Debagram,rainfall_crop,-1.4,6.5,-0.3,18.0,4.4,54.8,0
Debagram,rainfall_crop,-30.5,41.5,-0.5,7.8,21.0,33.4,1
Debagram,rainfall_crop,-36.0,40.3,-3.1,16.7,41.7,39.5,1
Debagram,rainfall_crop,-35.7,45.3,-22.0,24.6,30.7,26.0,1
Debagram,rainfall_crop,-2.6,9.0,-19.5,14.8,10.1,95.0,0
Debagram,rainfall_crop,-27.3,41.0,-34.2,19.7,46.3,42.9,0
Debagram,rainfall_crop,-27.5,41.4,-7.7,5.8,19.7,34.9,0
Debagram,rainfall_crop,-3.3,16.4,-3.0,-7.9,0.0,54.6,0
Debagram,rainfall_crop,-25.2,30.1,-24.2,0.2,24.2,54.1,0
Debagram,rainfall_crop,-13.5,17.7,-17.6,-3.6,13.0,52.4,0
Debagram,rainfall_crop,-51.4,45.0,1.7,20.4,26.7,87.4,1
Debagram,rainfall_crop,-16.6,23.2,-13.9,2.9,41.2,63.1,1
Thanarpara,rainfall_crop,-13.9,9.5,7.9,-2.3,21.2,15.5,0
Thanarpara,rainfall_crop,-17.5,14.3,-32.0,19.7,41.7,70.0,1
Thanarpara,rainfall_crop,-21.9,31.8,2.7,10.8,23.5,50.4,0
Thanarpara,rainfall_crop,-23.9,25.5,6.7,32.5,29.1,75.9,1
Thanarpara,rainfall_crop,0.7,10.0,31.8,-7.4,3.1,52.5,1
Thanarpara,rainfall_crop,5.3,4.4,4.2,26.5,17.0,27.7,0
Thanarpara,rainfall_crop,-4.8,14.1,-5.7,14.9,12.1,56.5,1
Thanarpara,rainfall_crop,-33.9,27.1,-19.1,18.1,30.1,48.9,0
Thanarpara,rainfall_crop,-30.8,44.4,-15.9,12.6,33.3,11.9,0
Thanarpara,rainfall_crop,-8.3,0.0,7.4,30.7,11.3,50.3,0
Thanarpara,rainfall_crop,-28.5,37.6,-19.7,10.2,19.1,51.2,1
Thanarpara,rainfall_crop,-24.6,16.9,-21.5,18.2,43.2,52.1,0
Thanarpara,rainfall_crop,-11.3,13.2,-12.5,-3.1,30.8,5.0,0
Thanarpara,rainfall_crop,-28.5,27.4,10.2,4.1,20.3,42.7,0
Thanarpara,rainfall_crop,-28.2,17.8,-19.1,31.7,27.7,53.1,0
Thanarpara,rainfall_crop,-31.2,46.5,-15.2,13.0,39.7,32.0,0
Thanarpara,rainfall_crop,-21.9,24.7,-6.6,45.5,26.5,5.0,1
Thanarpara,rainfall_crop,-21.5,24.7,-6.7,13.7,22.4,56.0,1
Thanarpara,rainfall_crop,-35.3,60.9,-23.7,24.7,16.2,47.1,1
Thanarpara,rainfall_crop,-28.2,38.7,-6.1,26.2,9.2,78.1,0
Thanarpara,rainfall_crop,-0.6,13.7,-1.1,-1.4,11.9,36.5,0
Thanarpara,rainfall_crop,-25.5,11.6,5.7,9.7,20.5,34.9,1
Thanarpara,rainfall_crop,-34.5,18.0,-3.8,20.3,28.7,24.3,1
Thanarpara,rainfall_crop,-42.5,35.0,-20.3,29.4,31.9,36.9,0
Thanarpara,rainfall_crop,-17.1,23.1,-13.9,4.8,0.0,62.4,0
Thanarpara,rainfall_crop,-24.5,26.0,-1.1,-8.8,18.8,24.5,0
Thanarpara,rainfall_crop,-9.7,0.0,-24.2,6.0,11.1,21.2,0
Thanarpara,rainfall_crop,-17.6,24.7,-18.0,25.0,16.8,39.9,0
Thanarpara,rainfall_crop,-44.8,58.1,-12.5,41.7,26.1,28.4,0
Thanarpara,rainfall_crop,-18.5,22.2,-14.9,-1.7,8.4,44.1,0
Thanarpara,rainfall_crop,-31.6,45.8,-13.9,38.5,23.6,49.4,0
Thanarpara,rainfall_crop,-45.8,57.6,-16.3,33.6,29.9,42.0,1
Thanarpara,rainfall_crop,-4.7,11.7,-3.4,31.3,24.4,58.8,0
Thanarpara,rainfall_crop,-31.7,25.5,-1.1,16.9,15.1,41.6,0
Thanarpara,rainfall_crop,-22.7,12.2,-1.5,16.7,42.7,60.3,1
Thanarpara,rainfall_crop,-10.5,3.3,-18.0,13.8,0.0,44.3,0
Thanarpara,rainfall_crop,-20.6,14.9,-3.1,12.0,36.4,45.1,0
Thanarpara,rainfall_crop,-25.5,17.2,-3.7,21.1,50.0,33.8,0
Thanarpara,rainfall_crop,-30.1,33.8,-6.5,15.6,38.9,33.9,0
Thanarpara,rainfall_crop,-14.5,17.9,-12.5,48.9,10.5,50.4,0
Betai,rainfall_crop,3.0,14.8,-16.4,19.4,12.6,35.7,0
Betai,rainfall_crop,-16.5,21.6,-9.7,19.9,22.2,46.1,1
Betai,rainfall_crop,1.7,0.0,-0.9,3.2,27.6,28.7,0
Betai,rainfall_crop,-35.6,39.6,-28.4,10.7,9.8,49.3,0
Betai,rainfall_crop,-42.8,52.2,-29.5,33.0,28.7,73.8,1
Betai,rainfall_crop,-36.1,30.2,-3.3,11.6,30.0,67.9,0
Betai,rainfall_crop,-20.7,31.3,-1.0,13.4,19.5,13.7,0
Betai,rainfall_crop,-11.0,6.5,-3.1,7.5,17.4,63.7,0
Betai,rainfall_crop,-25.3,29.3,-18.8,36.8,34.3,50.2,1
Betai,rainfall_crop,-43.0,43.6,-8.1,5.2,38.8,25.1,0
Betai,rainfall_crop,-7.2,13.6,-30.3,-3.1,20.0,45.4,1
Betai,rainfall_crop,-26.3,38.6,-10.1,5.4,35.7,32.8,0
Betai,rainfall_crop,-17.0,34.5,8.3,22.0,24.8,59.2,0
Betai,rainfall_crop,-13.0,10.8,-3.8,7.3,22.8,47.1,1
Betai,rainfall_crop,-19.5,27.7,-4.8,13.4,38.1,50.6,0
Betai,rainfall_crop,-7.4,14.5,-19.0,-24.9,9.7,58.7,0
Betai,rainfall_crop,-10.8,15.9,7.1,7.5,21.1,54.1,0
Betai,rainfall_crop,-45.9,42.6,-2.2,41.8,39.9,39.7,1
Betai,rainfall_crop,-16.9,26.3,0.5,9.2,23.4,66.2,0
Betai,rainfall_crop,-11.6,15.8,-9.0,20.3,15.8,48.4,0
Betai,rainfall_crop,-3.8,0.0,-11.2,9.5,32.2,37.4,0
Betai,rainfall_crop,-29.7,45.0,-46.5,4.2,55.1,55.6,1
Betai,rainfall_crop,-22.6,25.9,0.3,42.1,27.4,35.3,1
Betai,rainfall_crop,-31.8,25.3,-30.9,-9.1,20.1,23.8,0
Betai,rainfall_crop,-38.8,14.8,-20.7,4.6,27.2,72.4,1
Betai,rainfall_crop,-9.7,13.5,-8.5,-1.1,15.2,31.2,0
Betai,rainfall_crop,-25.3,20.2,2.9,19.5,20.7,47.6,1
Betai,rainfall_crop,-34.1,36.3,-18.9,2.9,14.3,38.5,0
Betai,rainfall_crop,-31.7,53.7,-3.4,41.0,37.0,78.4,1
Betai,rainfall_crop,-57.9,53.5,-7.3,23.6,47.5,68.8,1
Betai,rainfall_crop,-10.8,7.2,-20.2,34.0,17.5,33.8,1
Betai,rainfall_crop,-31.1,27.3,-25.5,-7.7,26.7,34.3,0
Betai,rainfall_crop,-17.9,23.2,-18.4,12.0,24.3,57.9,1
Betai,rainfall_crop,-6.9,11.3,1.8,3.5,0.0,49.8,0
Betai,rainfall_crop,-13.9,20.9,-13.3,1.1,23.9,52.7,0
Betai,rainfall_crop,-6.5,3.8,-13.6,33.5,22.6,38.6,1
Betai,rainfall_crop,-19.8,0.9,-17.0,7.5,18.3,49.4,0
Betai,rainfall_crop,-26.5,20.4,-5.2,8.2,24.3,39.7,0
Betai,rainfall_crop,-53.4,49.9,-13.5,8.8,51.0,59.6,1
Betai,rainfall_crop,-25.8,27.3,-11.4,13.7,23.6,49.5,0
Mayapur,market_migration,-24.8,18.9,-29.8,35.7,27.4,54.1,1
Mayapur,market_migration,11.4,10.4,-5.5,33.4,0.1,35.2,0
Mayapur,market_migration,24.3,29.3,8.9,43.4,13.7,27.2,0
Mayapur,market_migration,-28.0,43.0,-10.0,-11.0,23.4,56.8,1
Mayapur,market_migration,-1.4,0.0,-21.7,16.9,11.2,38.7,0
Mayapur,market_migration,-20.2,25.7,-9.0,1.1,8.9,45.2,1
Mayapur,market_migration,-3.0,0.0,-43.3,29.0,10.9,65.5,1
Mayapur,market_migration,-5.8,17.0,-13.9,15.9,13.7,54.8,0
Mayapur,market_migration,1.7,2.8,-22.4,48.4,4.0,34.8,0
Mayapur,market_migration,-9.2,10.2,-7.7,19.9,17.3,5.0,0
Mayapur,market_migration,-11.8,20.2,-25.6,16.0,10.3,71.5,0
Mayapur,market_migration,-0.9,0.6,-11.5,14.5,23.4,11.0,0
Mayapur,market_migration,-33.4,26.3,-19.7,0.4,22.7,8.7,0
Mayapur,market_migration,4.4,12.2,-5.6,6.0,0.0,24.5,1
Mayapur,market_migration,0.4,12.6,-0.3,10.1,10.2,39.2,0
Mayapur,market_migration,14.4,3.9,-9.4,37.2,0.0,33.4,0
Mayapur,market_migration,-12.7,3.6,0.6,28.9,22.7,29.3,0
Mayapur,market_migration,-20.8,21.1,16.7,24.7,10.6,48.2,0
Mayapur,market_migration,-24.4,18.6,-14.1,36.7,30.4,54.4,1
Mayapur,market_migration,-16.5,22.0,-16.8,19.3,24.3,38.7,0
Mayapur,market_migration,9.1,11.8,6.4,29.3,0.0,25.2,0
Mayapur,market_migration,-20.3,22.5,-2.0,42.5,25.2,37.0,0
Mayapur,market_migration,-9.2,13.4,-5.8,53.0,27.9,59.1,0
Mayapur,market_migration,-16.2,18.8,-18.1,30.2,23.3,25.4,1
Mayapur,market_migration,-8.8,0.0,-6.6,22.2,25.0,38.9,0
Mayapur,market_migration,-7.8,1.5,-23.2,35.2,26.6,50.8,0
Mayapur,market_migration,2.7,12.9,-18.9,47.2,15.4,38.1,0
Mayapur,market_migration,-6.9,0.0,2.4,3.7,17.9,35.6,0
Mayapur,market_migration,-19.1,20.9,13.5,44.0,25.0,44.5,0
Mayapur,market_migration,3.6,1.6,-7.2,-8.9,21.2,82.2,1
Mayapur,market_migration,-35.5,41.8,-23.1,18.5,37.6,49.6,0
Mayapur,market_migration,-17.8,22.0,-14.2,6.9,17.4,51.1,0
Mayapur,market_migration,-27.0,37.2,-44.4,20.6,20.0,47.7,0
Mayapur,market_migration,3.5,2.5,0.7,21.6,0.0,79.2,0
Mayapur,market_migration,-5.0,12.6,-4.6,13.7,21.3,16.9,0
Mayapur,market_migration,-16.8,14.7,-3.1,37.8,16.6,59.1,0
Mayapur,market_migration,-20.7,21.6,-12.8,12.9,26.7,49.2,0
Mayapur,market_migration,-29.8,35.2,-21.1,31.3,35.7,22.1,0
Mayapur,market_migration,10.1,16.9,-13.6,8.2,4.9,23.6,0
Mayapur,market_migration,-19.3,31.1,-15.5,10.1,17.3,5.0,0
Gangnapur,market_migration,-12.0,22.4,-32.0,41.0,25.4,67.5,1
Gangnapur,market_migration,2.2,0.0,2.6,6.4,0.0,24.8,0
Gangnapur,market_migration,-19.9,25.9,-31.6,-7.4,35.7,61.3,0
Gangnapur,market_migration,-10.0,22.2,-4.3,25.8,27.0,31.8,1
Gangnapur,market_migration,-10.2,12.0,-12.5,22.1,16.5,26.1,1
Gangnapur,market_migration,-21.7,22.8,-13.0,29.1,1.8,61.0,0
Gangnapur,market_migration,4.6,5.4,-7.4,48.0,7.2,67.3,0
Gangnapur,market_migration,-5.0,10.1,2.7,10.2,3.2,33.5,1
Gangnapur,market_migration,-12.6,22.1,6.3,8.9,10.3,19.1,0
Gangnapur,market_migration,-6.3,14.5,-24.3,21.6,18.9,40.5,1
Gangnapur,market_migration,17.7,13.4,-20.3,8.2,26.1,63.8,1
Gangnapur,market_migration,-9.6,7.1,3.6,14.1,13.1,56.0,0
Gangnapur,market_migration,-12.8,16.6,1.1,46.9,23.5,59.5,1
Gangnapur,market_migration,-18.5,26.9,-8.0,3.4,17.8,43.5,0
Gangnapur,market_migration,7.8,15.8,8.1,25.9,10.8,28.1,0
Gangnapur,market_migration,-9.8,2.9,-12.9,13.9,20.0,53.3,0
Gangnapur,market_migration,-4.4,7.5,-41.6,12.6,23.4,14.7,0
Gangnapur,market_migration,9.0,7.0,-7.0,0.2,26.3,43.5,0
Gangnapur,market_migration,6.3,15.9,-18.9,12.3,14.9,33.8,0
Gangnapur,market_migration,-10.6,2.7,13.0,21.3,7.3,32.4,0
Gangnapur,market_migration,-23.2,34.0,15.7,37.4,23.0,37.2,0
Gangnapur,market_migration,14.7,16.7,16.9,43.1,0.0,33.0,0
Gangnapur,market_migration,-11.0,14.4,27.8,5.4,18.9,56.1,0
Gangnapur,market_migration,-1.0,6.8,-19.6,21.3,15.7,50.9,0
Gangnapur,market_migration,7.0,18.8,-8.0,5.1,4.0,41.0,0
Gangnapur,market_migration,-15.7,11.7,-22.0,-3.8,17.1,18.5,0
Gangnapur,market_migration,-14.7,7.6,-2.6,31.0,13.3,37.1,0
Gangnapur,market_migration,-18.6,15.4,6.0,35.1,27.2,61.7,0
Gangnapur,market_migration,6.2,13.8,4.1,27.2,10.5,40.0,0
Gangnapur,market_migration,-13.7,24.3,-28.7,16.0,38.7,33.7,0
Gangnapur,market_migration,-20.6,26.2,-18.8,21.8,30.8,32.4,0
Gangnapur,market_migration,-0.1,13.6,-6.3,70.0,20.6,50.8,0
Gangnapur,market_migration,-11.2,26.5,10.5,46.8,24.6,22.4,0
Gangnapur,market_migration,-24.9,15.5,-5.5,29.7,34.0,53.9,0
Gangnapur,market_migration,-21.8,23.8,-27.7,-6.1,30.5,31.4,0
Gangnapur,market_migration,3.3,3.0,0.6,8.8,0.0,47.2,0
Gangnapur,market_migration,-15.3,34.6,-29.5,32.4,9.2,61.3,1
Gangnapur,market_migration,-5.4,2.3,-15.5,32.5,31.0,53.6,0
Gangnapur,market_migration,-5.9,29.8,-9.2,47.4,6.2,44.2,0
Gangnapur,market_migration,-5.2,3.6,-16.3,33.7,25.1,72.2,0
Dhubulia,market_migration,-8.4,10.1,8.7,31.2,5.2,26.4,0
Dhubulia,market_migration,-12.1,15.7,4.5,33.3,30.6,10.2,0
Dhubulia,market_migration,-1.7,0.0,-13.9,5.4,11.2,74.3,0
Dhubulia,market_migration,-19.8,27.0,-3.3,30.6,25.9,50.5,1
Dhubulia,market_migration,3.2,0.0,3.5,31.4,13.1,65.4,0
Dhubulia,market_migration,-7.6,12.8,-32.1,20.0,7.9,23.6,1
Dhubulia,market_migration,-3.9,8.3,-14.0,24.5,22.3,30.1,1
Dhubulia,market_migration,0.4,0.0,-6.7,11.6,8.7,36.0,0
Dhubulia,market_migration,13.1,14.2,-4.6,51.5,4.5,77.7,1
Dhubulia,market_migration,11.4,21.2,-5.5,22.3,3.8,46.4,1
Dhubulia,market_migration,-10.2,11.6,-10.8,35.8,28.3,33.0,0
Dhubulia,market_migration,-5.4,22.1,4.4,4.8,10.6,28.2,0
Dhubulia,market_migration,9.3,1.9,-25.7,6.1,12.9,56.2,0
Dhubulia,market_migration,4.1,0.0,8.3,13.3,17.3,21.2,0
Dhubulia,market_migration,-7.2,20.7,-28.1,23.6,3.4,54.1,0
Dhubulia,market_migration,5.4,5.6,4.3,39.8,0.0,56.0,0
Dhubulia,market_migration,-13.1,7.1,4.2,1.8,16.1,44.3,0
Dhubulia,market_migration,-17.5,15.3,-7.1,36.9,43.4,17.9,1
Dhubulia,market_migration,-23.0,33.9,-22.3,16.4,17.9,43.6,1
Dhubulia,market_migration,-4.2,8.7,-23.3,31.1,12.0,65.9,0
Dhubulia,market_migration,-29.2,31.0,4.9,28.2,25.5,29.3,0
Dhubulia,market_migration,-22.4,19.3,-2.1,-5.0,36.2,56.2,0
Dhubulia,market_migration,-3.3,6.7,-19.8,17.6,2.2,53.8,0
Dhubulia,market_migration,7.7,14.9,2.9,17.3,5.2,53.5,0
Dhubulia,market_migration,-6.8,2.6,-17.0,28.2,22.9,27.3,0
Dhubulia,market_migration,-16.4,19.9,8.0,35.1,27.8,79.4,1
Dhubulia,market_migration,-21.8,18.9,-11.9,-12.6,21.0,35.2,0
Dhubulia,market_migration,-5.8,5.4,0.3,30.2,5.8,36.1,1
Dhubulia,market_migration,-23.1,19.8,-8.1,8.8,18.7,22.9,0
Dhubulia,market_migration,-4.9,12.6,-7.7,-2.0,6.7,37.7,0
Dhubulia,market_migration,-9.1,24.6,0.1,9.3,22.2,56.5,0
Dhubulia,market_migration,0.2,3.9,-23.5,25.8,12.2,40.9,1
Dhubulia,market_migration,-18.6,26.6,-10.5,27.2,24.7,24.2,0
Dhubulia,market_migration,-36.5,42.4,-26.9,30.6,35.6,55.8,1
Dhubulia,market_migration,-10.8,28.1,10.4,39.8,19.8,26.9,0
Dhubulia,market_migration,-11.9,20.2,-16.6,20.5,18.8,49.4,1
Dhubulia,market_migration,-17.0,9.5,12.1,57.7,24.6,21.2,1
Dhubulia,market_migration,-3.9,19.2,-23.4,20.9,14.3,60.6,0
Dhubulia,market_migration,-28.8,35.9,2.1,25.7,31.3,36.5,0
Dhubulia,market_migration,2.3,10.2,-1.6,43.1,0.0,35.1,0
Fulia,market_migration,-16.8,26.4,-12.2,9.7,20.7,48.1,0
Fulia,market_migration,-5.3,13.4,-4.2,18.5,6.0,50.2,0
Fulia,market_migration,10.3,25.0,-2.2,29.9,9.1,22.3,0
Fulia,market_migration,-8.8,14.7,-2.6,35.5,8.3,32.7,0
Fulia,market_migration,-0.7,2.5,-7.7,17.1,10.8,53.5,0
Fulia,market_migration,-7.7,17.3,-28.8,15.0,26.9,52.2,0
Fulia,market_migration,1.7,0.0,2.1,46.8,0.0,72.3,0
Fulia,market_migration,1.3,6.1,-35.1,26.2,21.5,51.5,0
Fulia,market_migration,-14.9,3.6,1.8,45.1,30.3,9.2,0
Fulia,market_migration,-20.2,10.4,-7.0,26.5,7.8,59.0,0
Fulia,market_migration,-16.6,18.5,-32.2,17.7,20.0,48.0,0
Fulia,market_migration,-7.1,9.2,-4.0,35.3,13.3,50.7,0
Fulia,market_migration,-17.8,25.2,-16.4,30.1,20.9,39.5,1
Fulia,market_migration,-16.1,6.3,-2.4,23.1,28.2,35.4,0
Fulia,market_migration,-14.6,11.1,-19.6,-5.2,34.1,69.7,1
Fulia,market_migration,-20.8,38.2,-15.9,23.5,36.8,56.9,1
Fulia,market_migration,-7.0,8.1,-14.6,-7.7,11.4,65.6,0
Fulia,market_migration,-9.8,5.8,-4.2,34.6,20.2,48.0,0
Fulia,market_migration,0.4,0.0,-1.4,56.6,0.0,40.7,0
Fulia,market_migration,-15.6,27.3,-4.4,27.1,27.3,45.3,0
Fulia,market_migration,-8.2,13.9,-28.6,13.3,26.4,21.0,0
Fulia,market_migration,-9.6,24.6,-9.2,19.1,0.0,53.1,1
Fulia,market_migration,-31.4,42.3,-3.2,45.6,34.7,56.8,1
Fulia,market_migration,0.4,0.0,-24.0,7.0,8.7,52.0,0
Fulia,market_migration,3.4,17.3,-19.1,25.9,1.5,41.6,0
Fulia,market_migration,-50.9,70.1,-9.7,26.6,59.8,38.7,1
Fulia,market_migration,-15.8,32.5,-12.1,28.4,31.5,55.5,1
Fulia,market_migration,3.3,28.3,-6.4,26.8,11.7,68.6,0
Fulia,market_migration,-13.3,4.7,-20.9,11.4,17.4,76.8,1
Fulia,market_migration,-20.9,18.0,7.8,39.4,22.8,37.0,0
Fulia,market_migration,-21.9,27.9,17.1,28.0,15.4,52.4,0
Fulia,market_migration,-26.7,34.7,2.2,22.0,22.3,27.7,0
Fulia,market_migration,-16.7,12.0,14.9,28.0,25.8,60.9,0
Fulia,market_migration,-15.0,20.6,-12.3,29.7,22.4,38.1,0
Fulia,market_migration,-8.2,10.8,-30.3,28.3,24.6,90.5,0
Fulia,market_migration,-16.5,10.9,-5.1,23.8,11.8,41.9,0
Fulia,market_migration,1.1,0.0,-6.4,-3.4,4.2,40.0,0
Fulia,market_migration,-4.2,20.3,-0.3,37.5,27.0,55.3,0
Fulia,market_migration,2.1,15.5,-0.5,0.1,1.6,40.1,0
Fulia,market_migration,-10.3,23.3,6.3,41.8,28.2,26.3,1
Birnagar,market_migration,-15.6,22.9,-16.7,-1.0,16.5,68.8,0
Birnagar,market_migration,14.2,19.2,20.5,25.5,10.2,22.0,1
Birnagar,market_migration,-16.0,14.2,7.2,38.9,30.9,38.5,1
Birnagar,market_migration,-10.7,20.9,9.5,28.7,36.2,61.1,1
Birnagar,market_migration,-0.1,18.7,15.2,40.5,10.3,41.1,0
Birnagar,market_migration,10.1,17.5,-3.2,23.2,6.7,42.1,0
Birnagar,market_migration,10.6,12.6,-7.3,8.2,17.2,69.6,0
Birnagar,market_migration,-7.6,16.4,-10.3,30.0,17.7,46.0,0
Birnagar,market_migration,-4.6,6.8,-9.9,45.3,39.9,23.3,0
Birnagar,market_migration,-21.5,23.5,1.2,32.7,24.6,54.5,0
Birnagar,market_migration,-12.9,16.5,-27.5,4.7,6.5,58.8,1
Birnagar,market_migration,-2.7,0.0,-23.8,27.9,0.0,67.0,0
Birnagar,market_migration,0.1,0.0,6.6,66.1,0.0,57.5,0
Birnagar,market_migration,-17.4,24.1,-12.1,26.0,11.3,59.0,0
Birnagar,market_migration,4.9,6.1,-23.8,43.5,9.3,79.3,0
Birnagar,market_migration,-19.6,21.9,-7.8,46.4,26.1,48.2,0
Birnagar,market_migration,-10.6,25.0,-9.7,18.3,10.7,35.0,0
Birnagar,market_migration,-19.0,34.1,-13.6,37.1,0.0,55.2,0
Birnagar,market_migration,-15.8,20.6,-15.0,-8.7,28.7,49.4,1
Birnagar,market_migration,-21.6,12.7,-5.2,45.4,25.0,20.1,0
Birnagar,market_migration,-10.6,21.5,-1.9,-21.4,21.8,26.9,0
Birnagar,market_migration,-12.3,19.3,-28.6,33.4,25.0,45.8,0
Birnagar,market_migration,-21.8,32.8,-29.1,42.2,21.4,43.3,0
Birnagar,market_migration,-11.8,20.5,-25.1,30.6,17.9,33.4,0
Birnagar,market_migration,-36.4,40.6,7.3,49.7,35.8,39.6,0
Birnagar,market_migration,-13.6,21.6,-18.9,34.8,39.5,43.9,0
Birnagar,market_migration,-26.1,34.7,-11.9,39.8,20.3,60.0,1
Birnagar,market_migration,-18.8,18.7,-23.2,52.5,20.3,56.6,1
Birnagar,market_migration,-22.6,23.5,3.7,16.1,14.9,47.8,0
Birnagar,market_migration,-8.9,17.0,11.2,27.6,21.8,57.9,1
Birnagar,market_migration,-21.6,15.7,-24.3,33.9,25.8,46.4,1
Birnagar,market_migration,14.7,11.0,17.0,-1.0,1.9,5.3,0
Birnagar,market_migration,-23.2,17.3,-25.1,34.0,31.0,77.6,1
Birnagar,market_migration,-7.4,1.3,-10.2,10.5,19.1,63.3,0
Birnagar,market_migration,-20.1,31.1,-11.2,20.9,15.0,34.9,0
Birnagar,market_migration,-6.3,12.1,-11.0,57.7,26.8,32.0,0
Birnagar,market_migration,-12.6,17.5,-17.0,29.0,32.1,21.4,0
Birnagar,market_migration,-15.8,15.7,15.6,37.0,28.9,40.2,1
Birnagar,market_migration,-27.4,35.9,-5.5,46.3,24.3,42.4,1
Birnagar,market_migration,0.7,0.0,2.8,17.7,0.0,7.5,0
Taherpur,market_migration,7.4,25.0,-5.5,53.7,9.6,62.2,0
Taherpur,market_migration,-16.2,14.1,-32.8,40.8,13.3,30.6,1
Taherpur,market_migration,-12.5,30.3,14.6,0.7,13.9,26.4,0
Taherpur,market_migration,-6.6,5.8,-6.0,12.3,30.1,54.8,0
Taherpur,market_migration,-42.0,42.3,12.7,48.5,16.7,39.4,0
Taherpur,market_migration,10.5,16.4,-17.7,22.6,0.0,25.5,0
Taherpur,market_migration,0.1,0.0,-10.6,33.1,0.0,49.1,0
Taherpur,market_migration,10.6,12.7,-10.0,34.0,0.0,41.0,0
Taherpur,market_migration,-11.7,22.3,-2.7,12.3,18.4,71.8,0
Taherpur,market_migration,-8.3,10.9,-8.4,-3.7,29.1,31.1,0
Taherpur,market_migration,-17.5,15.7,6.2,36.8,22.6,58.7,0
Taherpur,market_migration,-10.1,8.8,3.5,9.8,30.9,39.3,0
Taherpur,market_migration,-0.9,6.0,-10.5,19.0,19.5,33.1,0
Taherpur,market_migration,-9.9,20.8,-10.3,50.3,14.4,40.7,1
Taherpur,market_migration,-25.8,19.9,-15.4,40.0,25.1,36.3,1
Taherpur,market_migration,8.6,22.8,-19.7,16.3,28.1,49.3,0
Taherpur,market_migration,-1.4,14.3,-15.0,24.9,20.1,24.1,0
Taherpur,market_migration,-23.4,18.2,-15.5,29.7,20.8,33.3,1
Taherpur,market_migration,-23.8,29.8,3.1,24.3,22.2,51.7,1
Taherpur,market_migration,-3.6,33.0,-12.4,24.5,19.6,74.6,0
Taherpur,market_migration,-35.9,41.8,18.6,37.8,20.0,50.1,0
Taherpur,market_migration,4.8,1.7,-5.4,5.6,4.5,71.8,0
Taherpur,market_migration,-16.7,10.9,-30.1,2.0,21.1,62.6,1
Taherpur,market_migration,8.8,7.2,-9.9,3.6,19.9,82.8,0
Taherpur,market_migration,-14.2,27.9,-27.5,33.5,30.7,46.4,1
Taherpur,market_migration,11.1,30.6,-11.3,17.7,0.8,62.6,0
Taherpur,market_migration,-13.0,17.5,-14.7,26.6,43.5,42.8,0
Taherpur,market_migration,2.2,8.9,9.9,22.7,7.5,12.9,0
Taherpur,market_migration,-32.0,36.9,-27.9,46.0,29.5,40.6,1
Taherpur,market_migration,-2.5,0.8,-18.0,36.0,15.1,40.8,1
Taherpur,market_migration,-9.9,17.0,-18.3,53.3,10.1,73.0,1
Taherpur,market_migration,-0.3,11.2,6.1,8.2,20.9,78.2,1
Taherpur,market_migration,-9.6,9.4,-11.6,46.0,5.7,28.0,0
Taherpur,market_migration,-2.5,24.2,-15.0,25.9,4.9,47.6,1
Taherpur,market_migration,-1.8,9.2,-8.1,14.4,2.1,58.1,0
Taherpur,market_migration,-3.9,25.1,8.1,1.7,6.9,52.6,0
Taherpur,market_migration,-26.8,32.2,-10.9,54.8,23.5,66.0,1
Taherpur,market_migration,-22.3,30.9,2.4,11.4,23.6,20.1,0
Taherpur,market_migration,0.0,1.6,-9.2,1.4,3.5,76.6,0
Taherpur,market_migration,-22.0,22.3,-28.5,8.4,36.8,42.4,0
Shantipur Rural,market_migration,-11.1,14.7,-0.5,-18.4,18.7,44.1,0
Shantipur Rural,market_migration,1.6,0.0,8.9,14.1,1.0,48.5,1
Shantipur Rural,market_migration,8.5,15.3,-5.8,35.3,20.9,59.1,1
Shantipur Rural,market_migration,-2.7,8.8,7.6,18.8,11.9,76.0,0
Shantipur Rural,market_migration,-10.1,10.5,10.0,32.6,19.2,39.2,0
Shantipur Rural,market_migration,-10.3,8.9,-5.8,24.2,12.4,61.3,0
Shantipur Rural,market_migration,1.6,4.3,2.4,20.2,0.0,57.1,0
Shantipur Rural,market_migration,21.1,35.7,-2.8,30.7,11.6,26.9,0
Shantipur Rural,market_migration,-20.5,23.0,-34.7,15.6,19.8,41.1,1
Shantipur Rural,market_migration,-14.1,31.5,-2.8,17.5,17.8,44.5,0
Shantipur Rural,market_migration,-19.2,30.4,-15.6,9.2,21.1,47.1,0
Shantipur Rural,market_migration,-10.5,21.4,-3.8,56.8,28.8,71.1,1
Shantipur Rural,market_migration,-0.9,7.1,4.6,11.4,11.6,33.3,0
Shantipur Rural,market_migration,-17.8,15.5,-3.4,19.8,1.4,18.8,0
Shantipur Rural,market_migration,-20.6,26.9,-7.4,40.7,29.9,64.3,1
Shantipur Rural,market_migration,-7.5,20.5,2.0,28.8,27.2,5.0,0
Shantipur Rural,market_migration,-13.7,26.5,8.9,2.9,32.3,23.9,0
Shantipur Rural,market_migration,-12.8,14.0,-26.8,31.2,24.5,64.0,1
Shantipur Rural,market_migration,-10.5,14.2,12.1,-21.0,6.7,45.1,0
Shantipur Rural,market_migration,-13.1,15.8,-16.3,22.9,24.1,40.7,1
Shantipur Rural,market_migration,-12.0,15.7,-29.2,28.9,12.7,67.7,0
Shantipur Rural,market_migration,4.0,0.5,-10.5,-0.5,2.9,67.5,0
Shantipur Rural,market_migration,-23.8,22.7,-10.3,32.5,6.7,16.1,0
Shantipur Rural,market_migration,-33.4,31.5,-8.8,32.1,28.6,38.4,0
Shantipur Rural,market_migration,-6.6,5.7,-6.4,25.2,31.1,59.2,0
Shantipur Rural,market_migration,-17.3,16.4,-11.3,19.9,10.3,67.8,0
Shantipur Rural,market_migration,-13.7,22.4,-6.7,34.4,4.8,42.4,0
Shantipur Rural,market_migration,-2.5,2.2,-36.3,2.3,10.9,46.1,0
Shantipur Rural,market_migration,-3.0,8.4,-7.6,36.7,5.9,42.5,0
Shantipur Rural,market_migration,7.0,14.5,-16.7,19.9,15.1,40.5,1
Shantipur Rural,market_migration,-17.9,23.8,-13.9,17.1,7.4,46.4,0
Shantipur Rural,market_migration,-13.9,19.1,0.1,33.3,23.8,40.7,0
Shantipur Rural,market_migration,-22.5,20.5,-8.8,11.3,24.5,27.6,1
Shantipur Rural,market_migration,-0.2,1.4,-16.2,1.9,14.3,69.7,0
Shantipur Rural,market_migration,-12.6,24.9,-31.5,53.7,42.0,5.0,1
Shantipur Rural,market_migration,-18.6,19.6,-14.0,35.1,20.1,28.6,0
Shantipur Rural,market_migration,-3.8,0.0,-25.8,47.9,5.9,42.5,0
Shantipur Rural,market_migration,-3.4,22.3,-2.4,0.8,0.0,37.8,0
Shantipur Rural,market_migration,-30.7,39.2,-24.9,50.2,46.6,40.5,0
Shantipur Rural,market_migration,-24.8,32.3,-16.8,9.8,22.0,36.6,0
Char Meghna,flood,37.0,32.0,10.0,-3.9,46.2,26.7,0
Char Meghna,flood,8.2,9.6,2.2,32.9,41.9,37.7,0
Char Meghna,flood,2.4,0.0,-19.8,1.4,32.5,10.6,0
Char Meghna,flood,48.3,57.5,-21.6,1.4,34.6,5.0,0
Char Meghna,flood,13.7,32.0,-31.5,29.8,29.0,39.0,1
Char Meghna,flood,29.9,37.3,9.8,32.5,24.1,26.9,0
Char Meghna,flood,47.5,41.5,5.5,26.2,33.3,39.5,0
Char Meghna,flood,17.7,18.0,-0.3,10.3,22.0,55.8,0
Char Meghna,flood,27.8,26.4,-24.5,40.6,45.5,60.9,0
Char Meghna,flood,12.0,26.9,-14.3,5.2,48.7,44.1,0
Char Meghna,flood,-10.0,18.1,16.1,13.0,33.3,24.0,0
Char Meghna,flood,2.6,6.6,-21.8,33.0,41.5,44.4,0
Char Meghna,flood,48.7,45.9,-26.2,-7.0,23.5,18.8,1
Char Meghna,flood,32.9,31.6,-6.5,5.0,30.7,79.6,0
Char Meghna,flood,25.7,15.6,9.9,4.7,40.5,42.8,0
Char Meghna,flood,31.4,29.7,2.7,4.0,37.8,38.0,0
Char Meghna,flood,8.8,13.3,-20.9,15.0,30.4,35.3,1
Char Meghna,flood,20.7,18.7,-10.3,-2.4,53.5,64.1,0
Char Meghna,flood,41.4,26.5,-40.7,8.6,20.0,40.7,0
Char Meghna,flood,36.4,28.7,-5.5,15.4,33.5,35.6,0
Char Meghna,flood,15.9,33.5,-20.5,27.5,29.4,39.1,1
Char Meghna,flood,12.0,0.0,-42.8,27.1,42.3,79.0,1
Char Meghna,flood,-7.9,8.7,-7.2,-4.9,51.2,85.3,1
Char Meghna,flood,17.8,10.6,11.0,11.8,27.1,53.7,0
Char Meghna,flood,20.9,12.3,5.2,9.5,41.6,41.4,0
Char Meghna,flood,-6.2,16.7,-19.0,4.9,33.8,47.2,0
Char Meghna,flood,13.4,23.4,-14.1,10.5,31.6,42.7,1
Char Meghna,flood,17.3,28.5,-22.9,9.5,20.0,61.9,0
Char Meghna,flood,1.0,6.6,-21.4,-5.8,20.0,25.8,1
Char Meghna,flood,3.3,11.7,-17.8,22.3,20.0,45.7,0
Char Meghna,flood,64.6,68.1,-23.3,35.3,51.4,15.7,0
Char Meghna,flood,13.3,13.6,-12.0,-8.2,44.0,19.4,1
Char Meghna,flood,38.9,39.8,-23.7,-2.3,27.7,31.4,0
Char Meghna,flood,-10.0,20.5,-7.7,16.0,50.4,37.1,0
Char Meghna,flood,7.0,9.8,-8.6,-2.0,20.0,34.9,0
Char Meghna,flood,20.7,33.2,12.5,27.7,43.8,58.8,0
Char Meghna,flood,55.0,62.1,-6.8,20.5,29.6,38.9,1
Char Meghna,flood,3.6,6.7,-35.3,35.5,27.8,53.2,0
Char Meghna,flood,24.0,38.2,-26.6,53.5,40.9,48.8,0
Char Meghna,flood,-5.4,7.5,10.2,-18.1,38.8,54.6,0
Char Brahmanagar,flood,-13.7,30.2,-17.2,8.8,26.0,25.4,0
Char Brahmanagar,flood,-4.2,14.7,-16.2,-6.5,27.3,51.1,1
Char Brahmanagar,flood,18.7,27.4,2.9,10.2,20.0,46.4,1
Char Brahmanagar,flood,-11.2,8.0,-15.8,6.9,29.1,57.7,0
Char Brahmanagar,flood,-13.6,14.6,-10.3,-10.2,32.1,37.8,0
Char Brahmanagar,flood,21.0,18.6,8.9,20.0,21.9,46.7,0
Char Brahmanagar,flood,42.3,38.3,-2.5,18.2,44.9,68.2,1
Char Brahmanagar,flood,12.8,20.5,-11.2,38.3,30.8,37.7,0
Char Brahmanagar,flood,-6.3,15.1,-18.1,28.2,20.8,47.3,1
Char Brahmanagar,flood,-25.0,43.7,-17.7,21.0,50.7,58.1,1
Char Brahmanagar,flood,37.9,43.3,8.6,26.7,49.6,61.2,1
Char Brahmanagar,flood,70.2,63.6,2.4,24.3,40.6,32.6,0
Char Brahmanagar,flood,12.9,29.3,-5.1,29.4,20.0,43.5,1
Char Brahmanagar,flood,22.5,32.9,-15.3,17.0,41.8,5.0,0
Char Brahmanagar,flood,11.3,7.9,-3.1,28.4,40.4,42.6,0
Char Brahmanagar,flood,35.4,36.1,-19.7,7.5,38.4,44.2,0
Char Brahmanagar,flood,-15.7,25.8,-16.4,19.4,51.8,21.4,0
Char Brahmanagar,flood,14.6,21.2,5.7,-6.7,35.7,63.6,1
Char Brahmanagar,flood,15.3,22.1,-5.2,22.3,35.6,27.3,0
Char Brahmanagar,flood,41.3,43.7,-30.5,17.2,31.9,24.4,0
Char Brahmanagar,flood,-10.2,19.0,-6.9,-11.9,39.6,44.0,0
Char Brahmanagar,flood,10.2,7.7,-16.4,1.9,30.2,47.7,0
Char Brahmanagar,flood,9.5,10.8,22.5,-0.9,24.4,95.0,0
Char Brahmanagar,flood,-9.6,20.4,-20.0,26.7,33.7,37.1,0
Char Brahmanagar,flood,29.3,39.2,-6.7,11.1,36.1,66.8,0
Char Brahmanagar,flood,54.0,60.4,-12.5,26.9,31.4,22.5,1
Char Brahmanagar,flood,22.4,21.9,-5.2,13.8,37.7,56.9,0
Char Brahmanagar,flood,-9.3,27.7,-11.9,13.7,32.2,36.2,0
Char Brahmanagar,flood,45.7,49.7,-14.7,29.7,30.7,41.6,0
Char Brahmanagar,flood,9.2,15.3,-5.8,20.9,23.8,57.8,1
Char Brahmanagar,flood,6.5,6.7,-19.9,24.9,20.3,32.4,0
Char Brahmanagar,flood,6.6,9.4,-19.6,22.9,38.5,58.3,0
Char Brahmanagar,flood,19.5,18.3,-18.5,31.9,37.6,32.5,1
Char Brahmanagar,flood,12.0,6.8,-4.9,3.5,20.5,18.4,0
Char Brahmanagar,flood,10.6,13.8,-18.6,21.2,29.3,55.4,0
Char Brahmanagar,flood,2.3,7.9,-22.3,18.1,20.6,61.5,0
Char Brahmanagar,flood,39.3,31.3,-18.8,21.6,41.7,75.0,0
Char Brahmanagar,flood,54.8,52.0,-0.6,6.9,34.2,5.0,0
Char Brahmanagar,flood,27.3,19.1,-3.7,26.4,25.0,27.6,0
Char Brahmanagar,flood,-1.3,5.4,-5.6,4.8,47.5,32.1,0
Bethuadahari,flood,-2.8,8.1,7.0,27.0,27.5,55.0,0
Bethuadahari,flood,7.2,16.4,13.9,19.2,35.7,57.1,0
Bethuadahari,flood,27.2,21.3,-16.3,45.8,27.5,31.7,0
Bethuadahari,flood,-1.0,2.3,8.6,9.2,20.0,54.8,0
Bethuadahari,flood,48.8,44.1,0.0,45.7,21.5,41.5,0
Bethuadahari,flood,0.9,7.9,-9.9,6.3,30.5,46.3,0
Bethuadahari,flood,6.0,6.0,-8.3,8.8,25.6,50.8,0
Bethuadahari,flood,3.4,5.8,-17.1,33.9,30.2,48.2,1
Bethuadahari,flood,17.7,11.2,-9.7,-3.3,27.2,5.0,0
Bethuadahari,flood,47.3,54.2,1.7,42.4,36.7,36.8,0
Bethuadahari,flood,40.9,42.4,17.6,13.1,49.7,42.2,1
Bethuadahari,flood,51.9,43.6,-18.4,3.4,20.0,57.0,0
Bethuadahari,flood,19.0,26.6,-32.3,33.9,26.5,54.6,1
Bethuadahari,flood,45.4,45.0,-38.2,20.1,32.0,26.4,1
Bethuadahari,flood,10.8,4.0,1.5,0.5,25.9,36.7,0
Bethuadahari,flood,17.2,21.1,-14.5,20.2,43.5,56.7,0
Bethuadahari,flood,30.1,21.1,-19.7,10.2,22.7,25.8,1
Bethuadahari,flood,-8.9,11.0,-8.5,-1.1,36.1,37.2,0
Bethuadahari,flood,14.8,23.9,-7.1,-7.1,29.1,22.8,0
Bethuadahari,flood,3.1,10.8,-23.7,10.9,35.7,61.3,0
Bethuadahari,flood,18.4,23.0,9.1,-8.5,20.9,95.0,0
Bethuadahari,flood,-19.8,18.2,-42.0,16.2,50.0,28.6,1
Bethuadahari,flood,36.5,23.8,-25.4,10.5,22.5,39.7,0
Bethuadahari,flood,22.3,23.9,-3.0,17.0,32.1,19.0,0
Bethuadahari,flood,11.4,13.9,4.5,0.7,43.5,71.0,0
Bethuadahari,flood,-1.6,0.0,6.9,9.7,23.5,66.1,0
Bethuadahari,flood,9.5,17.8,-22.0,10.8,40.9,48.8,0
Bethuadahari,flood,40.7,41.7,-40.3,1.8,37.6,17.1,1
Bethuadahari,flood,24.8,39.0,-18.8,8.1,29.5,51.3,1
Bethuadahari,flood,39.0,33.7,-9.6,23.1,26.0,60.1,0
Bethuadahari,flood,33.8,37.0,-7.0,7.8,23.7,67.0,0
Bethuadahari,flood,-2.5,8.7,-35.8,1.6,41.1,42.7,0
Bethuadahari,flood,-42.3,40.0,-7.9,25.0,65.0,41.2,1
Bethuadahari,flood,-8.6,11.1,-22.8,-16.9,24.3,72.2,0
Bethuadahari,flood,22.4,21.0,-30.6,27.3,20.0,35.0,1
Bethuadahari,flood,5.8,12.1,-16.5,-16.6,22.0,31.5,0
Bethuadahari,flood,37.4,29.0,-6.7,17.6,39.6,42.6,0
Bethuadahari,flood,14.6,21.6,-27.3,-26.2,33.8,52.8,0
Bethuadahari,flood,7.5,23.7,-15.1,20.2,35.9,75.9,0
Bethuadahari,flood,4.9,0.0,12.6,14.3,34.5,95.0,0
Ramnagar,flood,-8.0,10.7,-19.3,4.7,30.8,34.4,0
Ramnagar,flood,49.9,52.3,-16.5,32.4,34.7,50.0,1
Ramnagar,flood,20.7,29.0,-1.3,17.7,27.8,72.5,0
Ramnagar,flood,25.8,31.6,-18.0,3.8,26.5,36.1,0
Ramnagar,flood,5.0,11.6,7.5,19.2,20.0,56.5,0
Ramnagar,flood,27.1,29.2,-12.7,13.8,29.8,69.2,1
Ramnagar,flood,39.7,48.3,-5.2,-6.7,41.2,36.8,0
Ramnagar,flood,-1.5,0.0,17.7,-6.4,42.3,47.1,0
Ramnagar,flood,17.1,10.0,-7.7,-5.7,26.0,61.7,0
Ramnagar,flood,-11.6,22.3,-9.4,5.4,44.5,42.0,0
Ramnagar,flood,55.0,54.3,-15.1,15.5,41.8,35.6,1
Ramnagar,flood,4.4,19.6,1.0,9.1,43.7,58.5,1
Ramnagar,flood,14.7,20.8,-19.1,13.3,33.1,14.6,0
Ramnagar,flood,11.9,24.0,-31.7,8.3,25.2,62.3,1
Ramnagar,flood,53.9,58.8,-19.7,26.3,26.5,60.5,0
Ramnagar,flood,1.5,10.0,7.2,-22.5,43.7,42.5,0
Ramnagar,flood,-42.0,30.6,-10.8,14.7,61.6,35.1,1
Ramnagar,flood,9.7,14.0,-5.3,-0.3,39.0,33.8,0
Ramnagar,flood,7.2,20.0,-10.6,2.6,39.3,83.6,0
Ramnagar,flood,42.7,51.7,-21.0,21.3,20.0,41.3,1
Ramnagar,flood,9.9,7.9,-10.6,18.0,28.8,11.4,0
Ramnagar,flood,-12.4,18.1,-2.7,16.4,29.6,49.4,1
Ramnagar,flood,-4.8,15.2,1.5,26.0,26.8,66.2,0
Ramnagar,flood,31.1,28.9,-13.0,-21.1,27.0,46.6,0
Ramnagar,flood,53.1,43.5,-19.3,5.3,24.4,63.6,0
Ramnagar,flood,4.0,2.8,-20.3,28.3,41.2,43.1,0
Ramnagar,flood,-8.1,13.7,-1.5,-19.6,31.7,74.1,0
Ramnagar,flood,47.8,53.2,-27.0,16.9,28.7,27.9,0
Ramnagar,flood,48.1,40.5,0.9,11.6,29.7,55.1,0
Ramnagar,flood,29.4,15.1,-3.0,-25.3,27.7,60.4,0
Ramnagar,flood,-8.0,2.8,-14.7,11.5,20.0,44.8,0
Ramnagar,flood,12.3,20.3,-6.4,5.0,20.0,47.4,1
Ramnagar,flood,6.4,14.6,8.8,11.1,35.5,19.0,0
Ramnagar,flood,16.8,30.0,-17.0,11.9,40.6,43.3,0
Ramnagar,flood,69.0,58.5,-15.6,27.8,32.7,41.6,0
Ramnagar,flood,13.3,8.0,18.6,6.7,36.0,39.0,0
Ramnagar,flood,8.9,0.6,-8.0,2.0,41.7,23.5,0
Ramnagar,flood,0.0,16.6,-18.9,20.6,39.7,42.4,0
Ramnagar,flood,-9.3,20.2,-24.2,18.9,36.7,51.8,0
Ramnagar,flood,-0.7,0.0,2.6,-1.4,20.0,56.7,0
Majhdia,market_migration,-4.4,20.1,-8.8,38.0,14.2,73.6,1
Majhdia,market_migration,-10.1,19.5,-11.2,40.2,11.7,82.2,0
Majhdia,market_migration,-6.6,15.4,6.0,4.0,0.8,67.6,0
Majhdia,market_migration,-12.7,16.5,-37.1,19.3,10.1,61.5,0
Majhdia,market_migration,-3.1,10.9,-25.6,29.6,18.1,67.4,0
Majhdia,market_migration,-30.3,29.2,-19.3,27.9,28.3,40.8,0
Majhdia,market_migration,-23.2,17.6,-20.9,17.0,11.6,44.1,0
Majhdia,market_migration,-19.4,29.5,-11.1,41.3,19.7,44.6,0
Majhdia,market_migration,-10.1,19.8,-13.9,30.7,7.9,58.7,0
Majhdia,market_migration,0.2,5.7,11.4,2.1,0.0,33.9,0
Majhdia,market_migration,-26.6,33.9,-11.1,19.3,22.1,34.2,0
Majhdia,market_migration,-18.8,11.4,1.8,17.6,41.7,35.5,0
Majhdia,market_migration,3.0,3.5,-15.4,30.0,15.7,19.6,0
Majhdia,market_migration,-40.4,46.2,-16.1,27.1,17.3,25.2,0
Majhdia,market_migration,-18.1,22.2,-2.3,57.6,20.6,65.1,0
Majhdia,market_migration,-30.1,29.3,-29.6,25.5,20.3,9.8,1
Majhdia,market_migration,-16.5,6.7,3.8,8.7,30.8,31.8,0
Majhdia,market_migration,-5.9,15.0,1.0,20.4,18.8,58.4,1
Majhdia,market_migration,-11.7,4.0,0.6,19.6,12.9,68.0,0
Majhdia,market_migration,9.7,13.6,-4.2,15.5,0.0,42.5,0
Majhdia,market_migration,-1.9,5.1,-33.1,-3.8,31.7,25.3,0
Majhdia,market_migration,-21.2,22.6,-1.9,11.4,38.6,46.4,0
Majhdia,market_migration,-13.2,22.2,9.6,21.6,35.2,34.0,0
Majhdia,market_migration,-4.1,0.2,-3.5,18.2,3.9,51.4,0
Majhdia,market_migration,-10.9,14.2,-9.2,16.0,17.9,33.4,0
Majhdia,market_migration,-6.2,0.0,-13.0,10.4,34.1,21.2,0
Majhdia,market_migration,-7.0,14.0,6.7,39.7,9.7,48.5,0
Majhdia,market_migration,-8.8,6.6,-9.2,-5.6,19.3,14.5,0
Majhdia,market_migration,-24.7,20.4,4.8,31.9,36.3,73.1,1
Majhdia,market_migration,8.0,0.5,2.9,10.7,0.7,56.1,0
Majhdia,market_migration,1.0,7.6,-5.6,27.8,13.0,54.7,0
Majhdia,market_migration,0.1,0.0,-7.6,-2.8,12.8,74.6,0
Majhdia,market_migration,-8.5,18.7,-33.6,14.8,18.7,5.0,0
Majhdia,market_migration,3.2,15.9,-3.9,35.2,12.2,55.0,0
Majhdia,market_migration,-8.6,7.7,8.0,42.7,29.0,37.7,0
Majhdia,market_migration,-7.7,4.3,8.7,27.2,17.9,33.6,0
Majhdia,market_migration,-23.0,30.8,5.9,50.2,30.9,20.1,1
Majhdia,market_migration,15.7,12.2,-8.5,42.2,16.2,89.6,0
Majhdia,market_migration,-21.9,34.5,-25.5,23.7,22.5,63.6,1
Majhdia,market_migration,-4.5,5.8,7.7,79.8,19.6,46.8,0
Duttapulia,market_migration,-17.6,19.2,-15.3,22.6,38.4,67.4,1
Duttapulia,market_migration,-24.5,37.7,-12.3,1.5,31.8,63.5,1
Duttapulia,market_migration,-19.9,22.0,-0.5,15.8,13.6,58.1,0
Duttapulia,market_migration,-3.5,0.0,-22.2,29.3,14.6,61.6,1
Duttapulia,market_migration,-19.5,33.5,-29.3,45.1,34.9,60.5,1
Duttapulia,market_migration,-19.8,21.1,-24.7,8.9,28.3,56.7,0
Duttapulia,market_migration,-1.9,10.3,10.6,29.1,21.7,53.6,0
Duttapulia,market_migration,-25.4,26.9,-10.5,21.1,29.7,56.4,0
Duttapulia,market_migration,-12.1,10.0,5.7,25.8,7.1,41.5,0
Duttapulia,market_migration,-9.6,12.0,-14.7,44.8,4.2,57.7,0
Duttapulia,market_migration,2.9,7.4,-20.7,-0.6,5.9,32.6,0
Duttapulia,market_migration,-13.9,16.7,-2.7,3.6,11.5,42.1,0
Duttapulia,market_migration,12.0,17.7,-28.0,28.7,15.5,42.7,0
Duttapulia,market_migration,11.1,6.4,1.0,22.6,16.0,75.7,0
Duttapulia,market_migration,-16.7,28.9,-17.9,27.7,7.1,26.4,0
Duttapulia,market_migration,-5.6,0.0,-0.0,5.7,26.1,38.7,0
Duttapulia,market_migration,-9.1,5.9,8.3,19.5,13.9,55.7,1
Duttapulia,market_migration,-25.5,31.2,-23.9,9.3,33.6,54.5,0
Duttapulia,market_migration,-17.4,13.5,13.3,35.0,16.2,55.4,0
Duttapulia,market_migration,-18.1,22.1,-3.9,22.1,23.3,46.4,0
Duttapulia,market_migration,-13.6,13.8,-5.3,27.6,20.1,23.8,0
Duttapulia,market_migration,-5.2,21.5,-7.4,17.2,15.4,24.5,1
Duttapulia,market_migration,-7.8,6.6,-9.0,11.8,27.8,41.4,0
Duttapulia,market_migration,-3.1,1.9,-4.0,22.6,0.0,49.5,0
Duttapulia,market_migration,-8.4,12.9,-4.8,41.3,3.3,38.8,0
Duttapulia,market_migration,-4.2,12.5,25.2,30.3,23.8,39.5,0
Duttapulia,market_migration,-13.8,23.1,-4.6,29.8,16.1,38.3,0
Duttapulia,market_migration,-1.3,12.9,-20.0,32.7,4.3,53.4,0
Duttapulia,market_migration,8.8,9.6,-5.3,29.5,1.3,43.7,1
Duttapulia,market_migration,-16.2,16.0,4.9,13.0,25.4,50.7,0
Duttapulia,market_migration,-3.8,0.0,1.5,10.4,12.3,21.7,0
Duttapulia,market_migration,1.1,0.0,-13.3,24.8,14.8,5.0,0
Duttapulia,market_migration,-3.7,13.9,-9.8,-6.4,18.9,34.8,0
Duttapulia,market_migration,-12.8,14.8,-5.4,10.1,26.3,23.6,0
Duttapulia,market_migration,16.9,33.2,4.3,25.0,21.7,43.3,0
Duttapulia,market_migration,8.0,21.3,-9.6,4.9,4.1,12.2,0
Duttapulia,market_migration,-29.2,33.6,-21.2,5.0,29.9,39.0,0
Duttapulia,market_migration,-25.2,21.6,-37.9,-9.4,43.1,82.5,1
Duttapulia,market_migration,-19.9,20.5,1.4,15.4,24.3,44.8,0
Duttapulia,market_migration,-16.3,22.0,-21.0,30.3,15.1,47.3,0
